期間,總計_原始值,總計_年增率(%),總計_原始值,總計_年增率(%),總計_原始值,總計_年增率(%),總計_原始值,總計_年增率(%),亞洲_原始值,亞洲_年增率(%),亞洲_原始值,亞洲_年增率(%),亞洲_原始值,亞洲_年增率(%),亞洲_原始值,亞洲_年增率(%),香港_原始值,香港_年增率(%),香港_原始值,香港_年增率(%),香港_原始值,香港_年增率(%),香港_原始值,香港_年增率(%),印尼_原始值,印尼_年增率(%),印尼_原始值,印尼_年增率(%),印尼_原始值,印尼_年增率(%),印尼_原始值,印尼_年增率(%),日本_原始值,日本_年增率(%),日本_原始值,日本_年增率(%),日本_原始值,日本_年增率(%),日本_原始值,日本_年增率(%),韓國_原始值,韓國_年增率(%),韓國_原始值,韓國_年增率(%),韓國_原始值,韓國_年增率(%),韓國_原始值,韓國_年增率(%),中國大陸_原始值,中國大陸_年增率(%),中國大陸_原始值,中國大陸_年增率(%),中國大陸_原始值,中國大陸_年增率(%),中國大陸_原始值,中國大陸_年增率(%),馬來西亞_原始值,馬來西亞_年增率(%),馬來西亞_原始值,馬來西亞_年增率(%),馬來西亞_原始值,馬來西亞_年增率(%),馬來西亞_原始值,馬來西亞_年增率(%),新加坡_原始值,新加坡_年增率(%),新加坡_原始值,新加坡_年增率(%),新加坡_原始值,新加坡_年增率(%),新加坡_原始值,新加坡_年增率(%),泰國_原始值,泰國_年增率(%),泰國_原始值,泰國_年增率(%),泰國_原始值,泰國_年增率(%),泰國_原始值,泰國_年增率(%),越南_原始值,越南_年增率(%),越南_原始值,越南_年增率(%),越南_原始值,越南_年增率(%),越南_原始值,越南_年增率(%),中東_原始值,中東_年增率(%),中東_原始值,中東_年增率(%),中東_原始值,中東_年增率(%),中東_原始值,中東_年增率(%),科威特_原始值,科威特_年增率(%),科威特_原始值,科威特_年增率(%),科威特_原始值,科威特_年增率(%),科威特_原始值,科威特_年增率(%),沙烏地阿拉伯_原始值,沙烏地阿拉伯_年增率(%),沙烏地阿拉伯_原始值,沙烏地阿拉伯_年增率(%),沙烏地阿拉伯_原始值,沙烏地阿拉伯_年增率(%),沙烏地阿拉伯_原始值,沙烏地阿拉伯_年增率(%),歐洲_原始值,歐洲_年增率(%),歐洲_原始值,歐洲_年增率(%),歐洲_原始值,歐洲_年增率(%),歐洲_原始值,歐洲_年增率(%),法國_原始值,法國_年增率(%),法國_原始值,法國_年增率(%),法國_原始值,法國_年增率(%),法國_原始值,法國_年增率(%),德國_原始值,德國_年增率(%),德國_原始值,德國_年增率(%),德國_原始值,德國_年增率(%),德國_原始值,德國_年增率(%),義大利_原始值,義大利_年增率(%),義大利_原始值,義大利_年增率(%),義大利_原始值,義大利_年增率(%),義大利_原始值,義大利_年增率(%),英國_原始值,英國_年增率(%),英國_原始值,英國_年增率(%),英國_原始值,英國_年增率(%),英國_原始值,英國_年增率(%),非洲_原始值,非洲_年增率(%),非洲_原始值,非洲_年增率(%),非洲_原始值,非洲_年增率(%),非洲_原始值,非洲_年增率(%),奈及利亞_原始值,奈及利亞_年增率(%),奈及利亞_原始值,奈及利亞_年增率(%),奈及利亞_原始值,奈及利亞_年增率(%),奈及利亞_原始值,奈及利亞_年增率(%),北美洲_原始值,北美洲_年增率(%),北美洲_原始值,北美洲_年增率(%),北美洲_原始值,北美洲_年增率(%),北美洲_原始值,北美洲_年增率(%),加拿大_原始值,加拿大_年增率(%),加拿大_原始值,加拿大_年增率(%),加拿大_原始值,加拿大_年增率(%),加拿大_原始值,加拿大_年增率(%),美國_原始值,美國_年增率(%),美國_原始值,美國_年增率(%),美國_原始值,美國_年增率(%),美國_原始值,美國_年增率(%),中美洲_原始值,中美洲_年增率(%),中美洲_原始值,中美洲_年增率(%),中美洲_原始值,中美洲_年增率(%),中美洲_原始值,中美洲_年增率(%),墨西哥_原始值,墨西哥_年增率(%),墨西哥_原始值,墨西哥_年增率(%),墨西哥_原始值,墨西哥_年增率(%),墨西哥_原始值,墨西哥_年增率(%),巴拿馬_原始值,巴拿馬_年增率(%),巴拿馬_原始值,巴拿馬_年增率(%),巴拿馬_原始值,巴拿馬_年增率(%),巴拿馬_原始值,巴拿馬_年增率(%),南美洲_原始值,南美洲_年增率(%),南美洲_原始值,南美洲_年增率(%),南美洲_原始值,南美洲_年增率(%),南美洲_原始值,南美洲_年增率(%),阿根廷_原始值,阿根廷_年增率(%),阿根廷_原始值,阿根廷_年增率(%),阿根廷_原始值,阿根廷_年增率(%),阿根廷_原始值,阿根廷_年增率(%),巴西_原始值,巴西_年增率(%),巴西_原始值,巴西_年增率(%),巴西_原始值,巴西_年增率(%),巴西_原始值,巴西_年增率(%),大洋洲_原始值,大洋洲_年增率(%),大洋洲_原始值,大洋洲_年增率(%),大洋洲_原始值,大洋洲_年增率(%),大洋洲_原始值,大洋洲_年增率(%),澳大利亞_原始值,澳大利亞_年增率(%),澳大利亞_原始值,澳大利亞_年增率(%),澳大利亞_原始值,澳大利亞_年增率(%),澳大利亞_原始值,澳大利亞_年增率(%),紐西蘭_原始值,紐西蘭_年增率(%),紐西蘭_原始值,紐西蘭_年增率(%),紐西蘭_原始值,紐西蘭_年增率(%),紐西蘭_原始值,紐西蘭_年增率(%)
2010M10,"751,583",17.44,"24,189,992",21.91,"660,805",23.19,"21,200,032",27.86,"514,499",15.82,"16,559,332",20.22,"390,434",26.48,"12,525,870",31.27,"103,617",11.00,"3,334,960",15.21,"3,983",-8.92,"127,769",-5.47,"14,568",17.70,"468,863",22.17,"16,745",17.50,"537,199",21.94,"50,488",9.53,"1,624,981",13.69,"139,766",24.40,"4,483,993",29.11,"32,109",37.71,"1,033,428",42.94,"49,340",54.08,"1,582,938",59.91,"198,138",13.92,"6,377,165",18.25,"100,399",36.71,"3,221,006",41.89,"15,965",29.37,"513,841",34.28,"20,097",37.82,"644,763",43.04,"30,585",8.06,"984,382",12.16,"19,796",35.66,"635,086",40.80,"15,033",17.00,"483,835",21.44,"10,493",31.24,"336,651",36.22,"21,782",36.10,"701,051",41.27,"4,170",53.31,"133,768",59.09,"15,205",12.24,"489,414",16.51,"68,263",10.00,"2,190,072",14.16,342,-6.81,"11,012",-3.11,"9,984",-7.05,"320,314",-3.52,"2,608",62.90,"83,948",69.11,"30,110",4.84,"966,006",8.82,"83,233",13.16,"2,678,952",17.47,"64,639",13.12,"2,073,639",17.39,"4,372",5.68,"140,705",9.67,"6,262",28.40,"200,904",33.26,"19,072",23.49,"613,843",28.18,"21,958",21.89,"704,455",26.51,"6,762",31.02,"217,636",36.00,"4,116",-24.27,"132,046",-21.41,"11,219",16.15,"361,101",20.56,"4,541",35.71,"145,676",40.83,"6,008",2.84,"193,370",6.74,"19,160",-2.40,"614,701",1.29,597,-9.95,"19,207",-6.52,96,-97.26,"3,076",-97.16,"95,587",29.75,"3,076,513",34.68,"70,842",17.75,"2,272,754",22.21,"5,943",33.61,"191,262",38.68,"4,190",18.80,"134,423",23.29,"89,642",29.50,"2,885,175",34.42,"66,652",17.68,"2,138,326",22.14,"8,203",71.65,"263,950",78.14,"3,726",34.80,"119,585",40.01,"3,951",27.12,"127,151",31.93,"1,779",29.95,"57,087",34.85,"2,442",628.96,"78,583",657.50,114,31.03,"3,645",35.86,"11,484",35.65,"369,645",40.80,"15,590",54.22,"500,170",60.05,951,7.95,"30,623",12.16,576,481.82,"18,485",505.47,"6,868",58.94,"221,038",64.96,"7,530",72.79,"241,584",79.33,"10,884",7.56,"350,371",11.67,"27,815",78.99,"892,325",85.76,"9,323",12.30,"300,060",16.57,"26,008",86.85,"834,396",93.93,951,13.48,"30,623",17.86,"1,192",-0.25,"38,244",3.52
2010M11,"738,690",14.06,"24,371,169",21.78,"728,633",25.33,"23,960,296",33.78,"498,612",11.40,"16,450,480",18.93,"414,580",22.33,"13,632,974",30.57,"94,048",2.07,"3,102,875",8.97,"4,480",7.67,"147,327",14.94,"14,236",27.68,"469,677",36.31,"19,494",30.88,"641,055",39.71,"47,427",5.13,"1,564,716",12.24,"140,163",15.39,"4,609,099",23.16,"29,115",34.44,"960,588",43.53,"45,868",20.45,"1,508,301",28.57,"204,018",15.26,"6,731,051",23.06,"109,938",25.27,"3,615,189",33.72,"15,869",14.37,"523,564",22.10,"22,165",57.44,"728,870",68.06,"29,534",3.59,"974,406",10.60,"20,203",6.63,"664,354",13.82,"13,692",11.19,"451,728",18.71,"11,006",23.11,"361,916",31.40,"20,089",13.44,"662,772",21.11,"3,960",44.10,"130,223",53.85,"16,918",20.75,"558,183",28.93,"74,887",14.85,"2,462,577",22.59,412,18.39,"13,609",26.60,"19,652",73.30,"646,242",84.98,"2,856",56.32,"94,230",66.88,"32,523",65.39,"1,069,484",76.54,"89,318",19.60,"2,946,743",27.68,"76,614",18.28,"2,519,451",26.25,"5,363",21.12,"176,949",29.33,"10,080",74.33,"331,476",86.09,"17,775",20.12,"586,425",28.23,"24,107",22.89,"792,738",31.18,"8,198",70.33,"270,462",81.83,"4,975",-19.87,"163,611",-14.46,"10,955",-8.76,"361,423",-2.59,"4,748",5.77,"156,148",12.90,"5,569",8.88,"183,713",16.25,"27,919",171.82,"918,161",190.25,570,-7.62,"18,808",-1.41,858,-20.85,"28,216",-15.48,"95,739",25.36,"3,158,628",33.83,"82,228",23.94,"2,703,991",32.29,"6,068",56.47,"200,194",67.05,"5,405",69.01,"177,737",80.40,"89,668",23.69,"2,958,349",32.06,"76,823",21.65,"2,526,253",29.86,"6,091",-9.76,"200,955",-3.68,"3,452",12.74,"113,538",20.37,"3,194",-35.73,"105,363",-31.40,"1,623",30.05,"53,368",38.81,"1,114",132.08,"36,767",148.07,114,7.55,"3,751",15.10,"8,726",9.76,"287,881",17.18,"20,327",56.22,"668,484",66.77,970,13.85,"32,004",21.54,331,-16.20,"10,892",-10.57,"4,310",2.57,"142,193",9.52,"12,492",185.40,"410,799",204.64,"10,450",18.32,"344,871",26.37,"28,215",45.41,"927,779",55.22,"8,490",16.03,"280,119",23.89,"25,718",47.21,"845,711",57.14,912,1.90,"30,100",8.79,"1,522",15.48,"50,042",23.24
2010M12,"717,951",11.49,"23,812,633",18.96,"672,319",13.76,"22,225,419",21.36,"492,225",10.57,"16,325,929",17.97,"385,291",15.43,"12,736,785",23.14,"99,482",2.34,"3,299,586",9.20,"4,215",2.33,"139,339",9.18,"10,908",-2.55,"361,782",3.98,"17,686",30.40,"584,664",39.11,"42,447",2.79,"1,407,867",9.68,"133,049",4.23,"4,398,318",11.19,"26,832",34.74,"889,945",43.77,"43,707",22.62,"1,444,860",30.81,"196,323",12.53,"6,511,546",20.07,"102,609",24.11,"3,392,019",32.40,"15,851",3.86,"525,730",10.82,"19,231",27.97,"635,724",36.51,"31,539",12.21,"1,046,071",19.72,"18,581",1.33,"614,240",8.09,"13,421",10.96,"445,140",18.39,"11,013",26.04,"364,082",34.46,"19,524",10.06,"647,565",17.44,"4,118",44.69,"136,133",54.38,"16,991",22.76,"563,519",30.96,"76,014",-15.23,"2,512,819",-9.57,303,18.36,"10,056",26.30,"16,605",-1.91,"548,912",4.63,"2,307",24.64,"76,507",32.96,"33,147",-14.70,"1,095,766",-9.00,"85,390",14.76,"2,832,171",22.45,"75,794",32.34,"2,505,507",41.16,"4,835",11.23,"160,370",18.69,"5,892",10.63,"194,779",18.01,"18,080",20.69,"599,666",28.77,"23,785",29.71,"786,292",38.37,"7,861",37.14,"260,714",46.32,"4,967",-16.17,"164,190",-10.58,"10,444",11.84,"346,401",19.34,"4,488",22.96,"148,375",31.16,"5,332",0.74,"176,880",7.52,"17,650",23.98,"583,407",32.26,769,54.42,"25,506",64.82,"2,968",-4.93,"98,111",1.41,"87,777",14.12,"2,911,369",21.76,"77,105",14.32,"2,548,904",21.95,"6,100",43.09,"202,326",52.67,"4,211",24.40,"139,196",32.69,"81,674",12.42,"2,708,937",19.95,"72,894",13.78,"2,409,708",21.38,"5,599",-5.05,"185,768",1.37,"3,398",23.38,"112,278",31.43,"3,441",-12.06,"114,132",-6.16,"1,415",18.41,"46,766",26.31,463,-6.65,"15,370",-0.32,115,21.05,"3,800",28.86,"8,994",6.11,"298,334",13.22,"14,400",72.70,"476,064",84.22,769,10.49,"25,511",17.90,345,31.68,"11,389",40.17,"4,257",-2.85,"141,207",3.67,"7,279",135.80,"240,627",151.58,"8,896",15.68,"295,029",23.41,"22,357",31.14,"739,030",39.89,"7,095",9.07,"235,313",16.37,"20,018",30.04,"661,738",38.72,860,18.78,"28,527",26.78,"1,474",19.84,"48,714",27.80
2011M01,"741,211",6.84,"25,331,877",16.55,"688,562",11.78,"23,452,369",21.90,"517,993",5.67,"17,703,163",15.28,"393,002",14.99,"13,385,665",25.41,"93,890",-8.10,"3,208,826",0.25,"5,131",-9.51,"174,747",-1.32,"13,281",33.53,"453,908",45.67,"15,236",-6.92,"518,928",1.51,"46,461",-0.63,"1,587,873",8.40,"130,438",10.48,"4,442,716",20.49,"31,495",24.62,"1,076,398",35.95,"46,439",21.59,"1,581,717",32.60,"205,151",1.36,"7,011,320",10.57,"109,327",27.37,"3,723,667",38.91,"15,251",1.39,"521,230",10.61,"18,380",2.74,"626,031",12.05,"36,856",23.16,"1,259,595",34.36,"21,961",18.61,"747,980",29.36,"15,769",22.74,"538,932",33.89,"11,322",27.49,"385,639",39.03,"21,477",25.61,"733,990",37.03,"4,304",45.85,"146,584",59.06,"18,168",29.35,"620,842",41.08,"86,926",-6.88,"2,960,699",1.56,316,-11.98,"10,790",-4.15,"21,931",4.54,"746,970",14.01,"4,399",129.59,"150,327",150.44,"31,933",-19.99,"1,087,629",-12.74,"77,840",0.63,"2,660,306",9.77,"72,658",19.94,"2,474,717",30.80,"4,448",-1.27,"152,005",7.69,"5,740",5.94,"195,504",15.55,"17,501",11.77,"598,108",21.93,"20,911",3.83,"712,221",13.24,"7,204",37.09,"246,199",49.53,"5,262",-10.54,"179,234",-2.44,"10,254",27.36,"350,430",38.94,"4,633",14.76,"157,814",25.18,"6,469",13.65,"221,122",24.03,"19,477",53.22,"663,418",67.09,733,-16.04,"25,065",-8.30,"1,743",22.14,"59,378",33.28,"86,576",16.36,"2,958,877",26.93,"76,108",11.90,"2,592,229",22.04,"5,250",38.23,"179,441",50.81,"4,890",3.98,"166,564",13.41,"81,325",15.18,"2,779,404",25.65,"71,218",12.49,"2,425,664",22.68,"5,827",11.76,"199,103",21.86,"3,606",-1.90,"122,763",6.86,"3,749",16.28,"128,134",26.88,"1,640",27.13,"55,866",38.67,541,11.78,"18,477",21.92,132,88.57,"4,480",103.64,"8,890",17.38,"303,907",28.06,"12,093",1.72,"411,859",10.94,786,-6.21,"26,878",2.33,481,22.39,"16,377",33.46,"4,404",18.10,"150,524",28.84,"4,546",-20.51,"154,829",-13.32,"11,980",-0.22,"409,440",8.84,"24,397",2.96,"830,994",12.29,"10,494",6.41,"358,657",16.09,"21,676",1.29,"738,286",10.47,837,-46.59,"28,605",-41.72,"1,801",2.86,"61,353",12.20
2011M02,"617,877",15.65,"21,225,579",27.17,"593,277",17.00,"20,310,746",28.61,"439,279",20.57,"15,090,340",32.58,"334,090",12.10,"11,437,406",23.23,"72,031",9.19,"2,474,440",20.07,"2,616",-5.63,"89,546",3.73,"9,910",16.64,"340,433",28.27,"15,797",35.67,"540,793",49.13,"39,946",4.37,"1,372,239",14.76,"128,446",10.56,"4,397,310",21.53,"27,240",22.91,"935,777",35.15,"39,836",30.14,"1,363,778",43.06,"181,921",24.75,"6,249,425",37.18,"72,678",11.60,"2,488,102",22.68,"12,778",9.04,"438,940",19.90,"16,977",10.96,"581,196",21.97,"34,902",52.08,"1,198,980",67.23,"15,208",-6.57,"520,643",2.70,"12,551",14.16,"431,148",25.54,"10,198",22.10,"349,113",34.21,"18,351",56.42,"630,412",72.01,"2,614",24.59,"89,480",36.97,"12,520",-0.69,"430,006",9.19,"82,440",26.45,"2,822,305",39.00,272,-6.21,"9,335",3.13,"16,625",53.57,"569,162",68.81,"1,919",33.08,"65,907",46.32,"32,066",60.24,"1,097,790",76.15,"62,647",1.30,"2,152,133",11.40,"59,896",15.51,"2,050,530",26.97,"3,780",0.72,"129,845",10.75,"4,567",11.12,"156,362",22.16,"14,133",7.29,"485,495",17.97,"18,499",36.58,"633,299",50.14,"6,039",31.05,"207,438",44.11,"4,521",-9.96,"154,763",-1.03,"8,158",24.74,"280,261",37.17,"3,652",11.44,"125,038",22.52,"4,143",-9.78,"142,342",-0.75,"19,777",158.66,"677,016",184.30,466,5.67,"15,998",16.18,910,"3,400.00","31,146","3,712.24","73,036",13.23,"2,508,996",24.52,"59,026",2.89,"2,020,725",13.10,"4,386",13.19,"150,682",24.49,"3,635",17.30,"124,439",28.93,"68,647",13.23,"2,358,203",24.51,"55,391",2.07,"1,896,285",12.20,"3,947",-3.28,"135,600",6.35,"4,599",112.72,"157,379",133.97,"2,431",-6.82,"83,517",2.45,"1,483",56.60,"50,785",72.20,238,-18.49,"8,162",-10.39,83,3.75,"2,852",14.13,"9,219",7.22,"316,721",17.90,"11,984",23.44,"410,268",35.70,621,-15.40,"21,340",-6.92,230,17.35,"7,859",29.07,"5,757",6.93,"197,784",17.59,"4,610",24.06,"157,835",36.38,"6,221",-20.14,"213,693",-12.19,"21,240",42.87,"727,072",57.05,"5,015",-26.56,"172,291",-19.24,"19,026",47.83,"651,338",62.51,572,1.06,"19,636",11.08,"1,302",4.49,"44,560",14.87
2011M03,"803,248",7.78,"27,219,516",16.54,"753,907",7.90,"25,461,223",16.65,"553,725",5.08,"18,763,891",13.63,"427,894",9.12,"14,450,905",17.97,"105,762",1.13,"3,583,932",9.35,"4,419",-6.89,"149,233",0.66,"14,957",22.69,"506,841",32.67,"18,538",10.41,"626,069",19.36,"42,952",-10.40,"1,455,514",-3.11,"141,915",-6.57,"4,792,789",1.00,"30,310",8.47,"1,027,092",17.29,"49,344",12.82,"1,666,458",21.97,"225,857",1.39,"7,653,572",9.64,"120,723",36.03,"4,077,096",47.05,"15,753",-0.05,"533,803",8.08,"19,739",-11.14,"666,630",-3.94,"37,207",37.36,"1,260,832",48.53,"19,093",-9.16,"644,812",-1.80,"16,772",13.87,"568,348",23.13,"12,788",23.72,"431,871",33.75,"23,025",4.20,"780,246",12.68,"4,380",61.62,"147,918",74.73,"20,352",22.58,"689,621",32.56,"83,540",-18.71,"2,821,333",-12.12,514,31.79,"17,429",42.67,"19,594",15.26,"661,724",24.60,"4,656",123.52,"157,763",141.68,"27,992",-24.58,"945,361",-18.47,"90,182",15.63,"3,056,047",25.04,"82,368",16.76,"2,781,738",26.22,"4,781",3.55,"162,026",11.98,"7,164",44.90,"241,950",56.65,"20,501",17.86,"694,728",27.44,"26,682",16.94,"901,097",26.42,"7,537",16.76,"255,399",26.26,"5,870",11.13,"198,241",20.15,"12,071",28.66,"409,045",39.12,"5,691",9.27,"192,189",18.12,"9,476",53.88,"321,151",66.36,"30,745",22.12,"1,038,245",31.99,591,-9.08,"20,017",-1.79,"3,054",4.73,"103,152",13.25,"95,266",15.69,"3,228,249",25.10,"80,846",8.54,"2,730,341",17.33,"7,855",79.46,"266,188",94.09,"7,888",133.03,"266,379",151.92,"87,405",12.11,"2,961,872",21.22,"72,958",2.61,"2,463,962",10.93,"6,116",4.64,"207,272",13.17,"3,234",-8.49,"109,171",-1.11,"3,818",3.08,"129,371",11.47,"1,237",0.00,"41,764",8.03,481,-6.96,"16,310",0.68,102,-17.07,"3,454",-10.40,"9,954",8.07,"337,320",16.82,"13,465",37.12,"454,815",48.25,815,-4.00,"27,628",3.81,298,19.20,"10,068",29.16,"5,026",6.66,"170,332",15.34,"5,680",80.43,"191,843",95.10,"10,442",-18.47,"353,770",-11.86,"31,565",58.25,"1,066,061",71.08,"8,114",-13.52,"274,949",-6.49,"28,882",65.53,"975,424",78.95,"1,797",-23.27,"60,882",-17.05,"1,864",8.50,"62,961",17.28
2011M04,"797,567",15.13,"27,304,602",24.55,"713,855",16.20,"24,355,333",25.67,"557,952",12.87,"19,101,475",22.11,"404,810",17.26,"13,811,363",26.82,"106,201",6.69,"3,635,784",15.42,"3,517",-12.79,"119,977",-5.71,"12,500",42.73,"427,950",54.41,"17,073",8.26,"582,499",17.09,"47,673",6.72,"1,632,077",15.45,"124,499",-5.36,"4,247,658",2.35,"34,553",28.85,"1,182,912",39.39,"47,767",25.50,"1,629,705",35.73,"219,712",6.10,"7,521,821",14.79,"113,880",35.73,"3,885,348",46.80,"19,694",18.06,"674,210",27.72,"20,177",19.02,"688,383",28.72,"38,762",49.13,"1,327,024",61.34,"19,921",13.22,"679,658",22.45,"15,140",12.85,"518,313",22.08,"10,322",26.26,"352,164",36.55,"23,378",14.26,"800,337",23.61,"3,853",33.69,"131,469",44.61,"18,077",19.37,"618,880",29.14,"89,096",4.16,"3,039,751",12.66,365,9.61,"12,497",18.53,"15,604",-24.64,"532,381",-18.49,"4,475",92.89,"153,199",108.65,"34,340",56.75,"1,171,604",69.53,"79,745",15.07,"2,730,108",24.48,"69,807",6.87,"2,381,685",15.58,"4,787",18.17,"163,871",27.84,"6,986",37.57,"238,342",48.79,"17,502",15.65,"599,184",25.11,"21,193",-2.38,"723,047",5.57,"6,198",7.85,"212,183",16.66,"5,592",18.63,"190,775",28.28,"12,615",48.55,"431,872",60.71,"4,406",17.31,"150,314",26.85,"5,888",4.30,"201,715",12.88,"29,137",91.91,"994,110",107.54,787,28.59,"26,957",39.17,3,-25.00,94,-30.37,"99,850",28.71,"3,418,340",39.24,"67,125",3.53,"2,290,153",11.96,"5,400",21.62,"184,867",31.58,"4,687",26.03,"159,906",36.29,"94,449",29.14,"3,233,446",39.71,"62,438",2.16,"2,130,247",10.48,"5,682",-9.00,"194,546",-1.58,"4,611",13.71,"157,342",22.95,"3,467",-14.23,"118,705",-7.19,"1,491",-23.34,"50,885",-17.05,479,17.69,"16,391",27.23,113,7.62,"3,849",15.97,"10,290",21.82,"352,228",31.78,"13,144",30.15,"448,470",40.75,726,-13.37,"24,869",-6.24,220,6.28,"7,523",15.12,"5,089",22.72,"174,222",32.77,"6,027",23.40,"205,613",33.46,"12,040",26.19,"412,161",36.48,"35,816",51.24,"1,221,996",63.57,"10,860",54.70,"371,805",67.36,"32,547",49.63,"1,110,430",61.83,757,-54.26,"25,916",-50.52,"2,316",63.33,"79,032",76.67
2011M05,"798,633",-0.44,"27,856,044",9.39,"766,002",8.53,"26,625,021",19.20,"550,890",-4.41,"19,214,869",5.03,"421,582",6.90,"14,653,465",17.41,"100,047",-12.70,"3,489,603",-4.08,"4,605",1.95,"160,073",11.97,"15,440",8.52,"538,524",19.22,"20,557",23.38,"714,520",35.52,"45,100",-8.67,"1,573,065",0.35,"130,407",-9.92,"4,532,744",-1.06,"29,306",-0.13,"1,022,183",9.73,"51,299",24.42,"1,783,069",36.66,"220,887",-7.02,"7,704,478",2.16,"120,363",17.02,"4,183,611",28.53,"17,156",1.33,"598,407",11.34,"20,935",-7.78,"727,673",1.30,"41,390",0.25,"1,443,675",10.15,"24,003",19.95,"834,297",31.75,"16,515",10.94,"576,037",21.89,"13,030",28.59,"452,912",41.25,"28,113",30.78,"980,571",43.69,"3,981",21.48,"138,359",33.40,"18,534",-5.18,"646,366",4.17,"102,019",-0.24,"3,546,038",9.58,426,12.40,"14,859",23.58,"18,248",-2.26,"634,273",7.36,"2,885",8.95,"100,621",19.72,"47,255",7.58,"1,642,510",18.16,"82,250",4.83,"2,868,741",15.17,"89,461",22.24,"3,109,578",34.27,"4,597",0.48,"160,336",10.39,"6,701",22.53,"232,916",34.58,"19,027",1.71,"663,646",11.74,"28,518",25.59,"991,225",37.94,"7,207",1.88,"251,384",11.94,"6,957",11.87,"241,814",22.88,"11,765",8.47,"410,353",19.18,"5,809",27.28,"201,913",39.81,"6,319",1.10,"220,435",11.09,"25,147",13.74,"874,137",24.90,506,-8.66,"17,652",0.40,71,-87.63,"2,469",-86.41,"105,098",18.22,"3,665,797",29.89,"78,862",15.38,"2,741,133",26.73,"6,524",18.12,"227,571",29.80,"3,823",11.75,"132,893",22.76,"98,572",18.23,"3,438,144",29.90,"75,039",15.58,"2,608,240",26.94,"6,300",-4.15,"219,771",5.31,"3,593",-3.75,"124,936",5.69,"3,692",-3.48,"128,779",6.05,"1,381",-15.33,"47,989",-7.05,568,-48.97,"19,805",-43.95,95,-30.15,"3,307",-23.32,"11,024",11.49,"384,609",22.51,"14,455",-2.67,"502,483",6.92,"1,297",40.83,"45,254",54.75,982,-5.94,"34,136",3.34,"5,269",2.15,"183,796",12.24,"5,274",-15.95,"183,323",-7.68,"9,102",-1.04,"317,355",8.70,"30,617",15.04,"1,064,205",26.35,"7,552",9.69,"263,400",20.51,"27,336",14.64,"950,163",25.92,863,-48.01,"30,083",-42.91,"2,609",30.71,"90,699",43.61
2011M06,"723,612",-1.19,"25,160,350",10.77,"686,368",0.36,"23,782,660",12.47,"491,375",-2.99,"17,085,357",8.75,"386,723",1.72,"13,400,022",13.99,"92,107",-12.14,"3,202,595",-1.51,"3,858",-0.41,"133,662",11.58,"10,267",-21.85,"356,998",-12.40,"19,744",65.40,"684,122",85.34,"41,545",-9.22,"1,444,524",1.77,"131,174",-7.20,"4,545,194",3.99,"28,001",-0.12,"973,605",11.97,"41,865",-1.17,"1,450,625",10.74,"191,783",-3.84,"6,668,402",7.79,"105,583",8.03,"3,658,470",21.06,"17,492",14.61,"608,208",28.48,"20,701",-2.32,"717,282",9.46,"36,590",3.10,"1,272,255",15.58,"17,911",-14.21,"620,633",-3.86,"14,869",4.33,"516,995",16.95,"11,506",8.89,"398,685",22.01,"24,879",32.16,"865,051",48.15,"4,522",39.40,"156,702",56.22,"20,594",24.57,"716,088",39.64,"82,568",-6.21,"2,861,044",5.10,410,19.19,"14,253",33.68,"19,101",2.68,"661,860",15.07,"6,655",187.85,"231,405",222.69,"27,903",-15.50,"966,848",-5.31,"70,343",-2.26,"2,445,800",9.56,"74,028",2.43,"2,565,174",14.78,"3,916",-5.36,"136,175",6.09,"5,647",-4.56,"195,686",6.96,"16,812",9.59,"584,558",22.85,"24,213",7.32,"838,994",20.26,"6,218",-2.92,"216,193",8.82,"5,684",13.11,"196,953",26.77,"9,809",9.97,"341,081",23.28,"5,165",2.95,"178,965",15.36,"8,346",39.96,"290,310",56.97,"22,848",1.58,"791,707",13.83,555,22.52,"19,308",37.51,"1,199",144.20,"41,556",173.54,"99,886",2.96,"3,473,096",15.42,"67,925",-1.65,"2,353,631",10.22,"5,202",11.39,"180,868",24.87,"6,040",27.00,"209,293",42.32,"94,682",2.53,"3,292,146",14.94,"61,885",-3.76,"2,144,327",7.84,"5,637",-16.59,"195,972",-6.51,"3,817",-24.22,"132,294",-15.08,"3,437",-24.94,"119,499",-15.86,"1,838",-3.82,"63,690",7.80,379,-37.46,"13,178",-29.91,60,-69.54,"2,077",-65.96,"9,919",2.05,"344,841",14.39,"16,994",19.64,"588,867",34.07,829,-9.00,"28,815",2.00,474,43.20,"16,437",60.80,"4,860",-2.80,"168,967",8.96,"7,441",29.82,"257,844",45.46,"9,305",-8.42,"323,578",2.67,"31,160",-3.54,"1,079,796",8.10,"7,578",-6.67,"263,496",4.62,"28,965",-1.22,"1,003,644",10.70,942,3.18,"32,754",15.69,"1,758",-21.41,"60,908",-11.93
2011M07,"809,941",5.61,"28,122,950",17.67,"714,902",2.17,"24,737,089",13.81,"553,458",3.44,"19,217,351",15.26,"390,991",2.36,"13,529,144",14.02,"104,764",3.74,"3,637,656",15.59,"4,069",-15.60,"140,806",-5.98,"11,957",-29.05,"415,157",-20.95,"19,580",31.70,"677,520",46.69,"48,359",-6.60,"1,679,126",4.07,"126,908",-6.99,"4,391,290",3.60,"33,531",12.25,"1,164,270",25.07,"43,917",5.85,"1,519,624",17.91,"217,621",3.03,"7,556,293",14.80,"112,378",16.33,"3,888,509",29.58,"20,257",23.26,"703,365",37.34,"23,146",-6.94,"800,890",3.65,"45,046",10.46,"1,564,109",23.08,"21,057",-18.56,"728,618",-9.29,"16,756",15.38,"581,824",28.57,"11,977",17.20,"414,428",30.54,"21,683",2.72,"752,882",14.45,"4,647",40.05,"160,804",55.99,"21,520",22.06,"747,218",36.01,"109,061",3.14,"3,773,752",14.88,440,-6.38,"15,280",4.39,"22,646",119.78,"783,598",144.79,"5,436",39.89,"188,760",55.88,"36,875",-5.23,"1,275,954",5.57,"74,453",-3.58,"2,585,110",7.43,"70,465",1.92,"2,438,294",13.53,"4,662",7.59,"161,869",19.89,"5,864",6.72,"202,921",18.86,"17,115",-5.37,"594,262",5.44,"24,085",7.02,"833,403",19.21,"5,629",16.30,"195,437",29.57,"6,556",26.86,"226,863",41.30,"8,900",-10.71,"309,033",-0.52,"4,156",-2.97,"143,789",8.06,"6,772",21.08,"235,356",34.96,"29,229",52.82,"1,011,430",70.23,626,23.23,"21,747",37.47,"2,917",523.29,"100,941",593.85,"108,886",10.81,"3,780,743",23.47,"67,015",-8.27,"2,318,843",2.17,"7,223",24.58,"250,785",38.80,"5,405",8.51,"187,021",20.86,"101,662",9.95,"3,529,924",22.51,"61,610",-9.50,"2,131,818",0.80,"6,669",-1.20,"231,513",10.08,"3,463",-20.02,"119,816",-10.94,"4,191",-9.42,"145,521",0.93,"1,245",-15.94,"43,091",-6.34,448,-3.45,"15,568",7.67,111,-15.91,"3,855",-6.07,"17,134",69.56,"594,881",88.90,"14,304",-25.13,"494,958",-16.61,"1,119",31.80,"38,857",46.80,"1,044",-60.83,"36,137",-56.36,"11,423",113.51,"396,649",137.92,"7,692",5.24,"266,171",17.22,"12,365",30.08,"429,412",44.96,"30,098",11.69,"1,041,520",24.40,"9,407",14.58,"326,643",27.67,"27,508",13.39,"951,838",26.30,"2,003",104.18,"69,563",127.50,"1,987",13.48,"68,754",26.43
2011M08,"743,759",-3.08,"25,780,193",7.20,"669,758",-3.91,"23,134,981",6.24,"504,068",-3.66,"17,472,026",6.56,"397,887",-3.48,"13,744,022",6.72,"97,872",-1.20,"3,392,440",9.28,"4,009",-0.55,"138,483",9.98,"7,289",-15.28,"252,663",-6.30,"17,443",0.63,"602,524",11.27,"42,879",-18.02,"1,486,284",-9.33,"128,528",-14.92,"4,439,666",-5.92,"30,191",3.57,"1,046,465",14.55,"41,729",-16.15,"1,441,400",-7.29,"208,064",-2.50,"7,211,931",7.84,"112,376",9.24,"3,881,718",20.78,"16,559",-1.86,"573,971",8.55,"22,457",5.71,"775,705",16.89,"36,622",4.54,"1,269,400",15.63,"21,794",1.34,"752,797",12.05,"16,359",11.31,"567,037",23.11,"11,459",-0.84,"395,814",9.64,"18,517",-17.03,"641,832",-8.24,"5,621",38.76,"194,159",53.40,"18,322",-11.43,"635,082",-2.04,"75,407",17.51,"2,604,727",29.93,389,-14.69,"13,479",-5.77,"14,077",-2.64,"486,235",7.65,"3,233",-36.51,"112,066",-29.77,"34,344",76.03,"1,186,324",94.64,"75,391",-3.95,"2,613,233",6.23,"65,227",-10.18,"2,253,115",-0.69,"4,012",-9.25,"139,066",0.38,"6,667",4.14,"230,307",15.15,"15,638",-19.02,"542,034",-10.44,"23,019",2.42,"795,117",13.25,"5,710",-23.14,"197,904",-14.99,"5,894",1.90,"203,592",12.68,"12,509",31.41,"433,586",45.34,"4,714",1.57,"162,843",12.32,"10,170",22.83,"352,550",35.81,"15,266",-18.44,"527,375",-9.81,657,28.07,"22,767",41.54,"5,970",296.68,"206,222",338.50,"97,411",-1.63,"3,376,480",8.80,"65,940",-11.79,"2,277,713",-2.46,"7,530",39.16,"261,011",53.92,"4,131",21.75,"142,706",34.64,"89,877",-3.99,"3,115,322",6.19,"61,809",-13.38,"2,135,007",-4.23,"6,849",-11.14,"237,481",-1.68,"4,338",-2.97,"149,899",7.30,"4,277",-18.52,"148,260",-9.87,"1,651",-3.96,"57,043",6.20,473,-34.85,"16,398",-27.89,115,-12.21,"3,956",-3.32,"10,617",-5.77,"367,988",4.21,"17,105",-9.27,"590,891",0.34,987,-1.60,"34,217",8.87,743,-56.42,"25,677",-51.79,"5,080",-21.79,"176,085",-13.49,"8,309",21.64,"286,998",34.49,"11,808",2.30,"409,244",13.14,"28,318",-8.47,"978,173",1.20,"9,868",5.08,"342,031",16.22,"26,194",-8.99,"904,798",0.63,"1,107",9.60,"38,363",21.26,"1,483",-16.97,"51,240",-8.16
2011M09,"717,891",0.58,"24,610,601",9.89,"667,440",1.25,"22,802,877",10.59,"495,933",0.50,"17,001,485",9.80,"372,280",-2.59,"12,718,806",6.39,"109,957",6.50,"3,769,527",16.36,"4,082",-6.03,"139,464",2.65,"8,838",-13.10,"302,982",-5.05,"16,595",12.43,"566,954",22.80,"42,527",-16.20,"1,457,907",-8.45,"120,264",-12.82,"4,108,791",-4.78,"28,249",-6.08,"968,416",2.61,"41,186",-4.67,"1,407,123",4.12,"188,312",0.35,"6,455,677",9.64,"111,769",12.85,"3,818,546",23.26,"14,339",-5.06,"491,571",3.72,"21,557",10.23,"736,499",20.40,"40,663",29.45,"1,393,986",41.44,"16,552",-22.91,"565,505",-15.80,"14,746",3.31,"505,527",12.87,"10,391",0.88,"354,999",10.19,"19,209",-8.19,"658,523",0.31,"4,711",27.26,"160,947",39.01,"16,100",12.23,"551,960",22.61,"80,248",18.32,"2,741,651",29.23,414,2.22,"14,197",11.75,"13,880",-12.29,"474,217",-4.20,"2,953",38.12,"101,233",50.89,"30,403",22.18,"1,038,703",33.45,"74,026",-0.39,"2,537,783",8.83,"64,798",-6.50,"2,213,839",2.13,"3,553",-20.89,"121,801",-13.57,"5,707",-3.22,"194,977",5.70,"16,432",-5.74,"563,326",2.99,"24,672",7.97,"842,916",17.93,"5,232",-17.40,"179,353",-9.76,"5,440",20.04,"185,870",31.11,"12,603",30.43,"432,051",42.49,"3,524",-18.80,"120,380",-11.33,"5,548",6.06,"190,379",15.92,"38,752",117.62,"1,324,066",137.71,486,-7.07,"16,676",1.68,"1,285",-47.25,"43,909",-42.38,"87,909",-4.59,"3,013,705",4.24,"58,033",-17.52,"1,982,700",-9.91,"5,457",2.46,"187,081",11.95,"5,793",82.00,"197,921",98.80,"82,452",-5.02,"2,826,617",3.77,"52,240",-22.24,"1,784,775",-15.06,"5,868",-20.10,"201,170",-12.69,"4,047",-9.81,"138,357",-1.42,"3,618",-31.45,"124,023",-25.11,"1,209",-24.44,"41,316",-17.46,501,6.82,"17,170",16.69,112,10.89,"3,822",20.87,"12,934",39.44,"443,378",52.33,"14,972",6.03,"511,468",15.80,916,6.26,"31,399",16.11,423,-35.22,"14,438",-29.28,"7,470",55.08,"256,068",69.40,"9,015",48.81,"308,003",62.55,"10,473",0.95,"359,015",10.29,"34,021",3.79,"1,162,371",13.37,"8,778",6.94,"300,932",16.85,"32,000",3.71,"1,093,283",13.28,955,-37.70,"32,756",-31.92,"1,580",26.60,"53,966",38.20
2011M10,"821,291",9.27,"27,025,043",11.72,"722,155",9.28,"23,684,973",11.72,"559,737",8.79,"18,418,356",11.23,"408,662",4.67,"13,403,092",7.00,"101,439",-2.10,"3,337,894",0.09,"4,546",14.14,"149,115",16.71,"14,669",0.69,"482,707",2.95,"20,796",24.19,"682,043",26.96,"49,378",-2.20,"1,624,805",-0.01,"136,215",-2.54,"4,467,528",-0.37,"33,501",4.34,"1,102,377",6.67,"44,680",-9.44,"1,465,383",-7.43,"217,727",9.89,"7,164,427",12.35,"105,321",4.90,"3,454,276",7.24,"19,461",21.90,"640,368",24.62,"30,546",51.99,"1,001,823",55.38,"45,102",47.46,"1,484,102",50.76,"20,686",4.50,"678,456",6.83,"14,758",-1.83,"485,607",0.37,"10,028",-4.43,"328,885",-2.31,"23,257",6.77,"765,274",9.16,"5,908",41.68,"193,757",44.85,"21,550",41.73,"709,047",44.88,"92,140",34.98,"3,021,986",37.99,538,57.31,"17,689",60.63,"17,616",76.44,"577,776",80.38,"6,387",144.90,"210,164",150.35,"34,727",15.33,"1,138,961",17.90,"86,364",3.76,"2,841,964",6.08,"74,552",15.34,"2,445,073",17.91,"4,436",1.46,"145,970",3.74,"6,761",7.97,"221,737",10.37,"17,180",-9.92,"565,330",-7.90,"24,261",10.49,"795,699",12.95,"5,198",-23.13,"171,052",-21.40,"4,917",19.46,"161,260",22.12,"15,315",36.51,"503,937",39.56,"5,517",21.49,"180,939",24.21,"7,779",29.48,"255,910",32.34,"34,261",78.82,"1,123,727",82.81,524,-12.23,"17,249",-10.19,"4,789","4,888.54","157,068","5,006.24","105,075",9.93,"3,457,529",12.38,"63,309",-10.63,"2,076,371",-8.64,"6,960",17.11,"229,008",19.74,"3,583",-14.49,"117,505",-12.59,"98,112",9.45,"3,228,423",11.90,"59,726",-10.39,"1,958,862",-8.39,"6,839",-16.63,"225,085",-14.72,"3,954",6.12,"129,644",8.41,"4,378",10.81,"144,052",13.29,"1,552",-12.76,"50,902",-10.83,590,-75.84,"19,426",-75.28,159,39.47,"5,204",42.77,"11,241",-2.12,"369,964",0.09,"15,333",-1.65,"502,871",0.54,"1,059",11.36,"34,845",13.79,270,-53.13,"8,851",-52.12,"5,146",-25.07,"169,340",-23.39,"7,858",4.36,"257,724",6.68,"13,959",28.25,"459,315",31.09,"29,669",6.67,"973,058",9.05,"11,165",19.76,"367,382",22.44,"27,395",5.33,"898,492",7.68,"1,080",13.56,"35,543",16.07,"1,720",44.30,"56,407",47.49
2011M11,"741,711",0.41,"24,674,343",1.24,"647,319",-11.16,"21,462,831",-10.42,"516,043",3.50,"17,167,068",4.36,"358,962",-13.42,"11,901,942",-12.70,"92,586",-1.55,"3,080,043",-0.74,"4,204",-6.16,"139,393",-5.39,"12,337",-13.34,"410,416",-12.62,"17,398",-10.75,"576,870",-10.01,"45,054",-5.00,"1,498,805",-4.21,"118,913",-15.16,"3,942,745",-14.46,"28,581",-1.83,"950,802",-1.02,"43,033",-6.18,"1,426,825",-5.40,"195,771",-4.04,"6,512,660",-3.24,"100,305",-8.76,"3,325,779",-8.01,"15,552",-2.00,"517,375",-1.18,"19,959",-9.95,"661,771",-9.21,"56,603",91.65,"1,883,007",93.25,"19,343",-4.26,"641,347",-3.46,"11,330",-17.25,"376,916",-16.56,"8,545",-22.36,"283,334",-21.71,"24,011",19.52,"798,762",20.52,"4,680",18.18,"155,183",19.17,"17,865",5.60,"594,261",6.46,"84,562",12.92,"2,803,852",13.86,460,11.65,"15,290",12.35,"12,841",-34.66,"425,773",-34.12,"3,770",32.00,"125,404",33.08,"39,416",21.19,"1,306,911",22.20,"69,195",-22.53,"2,301,815",-21.89,"66,044",-13.80,"2,189,752",-13.09,"4,253",-20.70,"141,475",-20.05,"8,965",-11.06,"297,236",-10.33,"14,309",-19.50,"476,027",-18.83,"20,845",-13.53,"691,145",-12.82,"4,468",-45.50,"148,622",-45.05,"5,293",6.39,"175,500",7.27,"9,349",-14.66,"310,998",-13.95,"4,848",2.11,"160,751",2.95,"9,177",64.79,"305,300",66.18,"22,152",-20.66,"734,444",-20.01,529,-7.19,"17,606",-6.39,"4,994",482.05,"165,580",486.83,"91,692",-4.23,"3,050,318",-3.43,"62,078",-24.51,"2,058,294",-23.88,"5,521",-9.01,"183,675",-8.25,"4,949",-8.44,"164,109",-7.67,"86,169",-3.90,"2,866,560",-3.10,"57,129",-25.64,"1,894,185",-25.02,"6,364",4.48,"211,733",5.36,"4,512",30.71,"149,580",31.74,"3,824",19.72,"127,220",20.74,"1,933",19.10,"64,081",20.07,542,-51.35,"18,024",-50.98,122,7.02,"4,047",7.89,"10,050",15.17,"334,336",16.14,"18,635",-8.32,"617,877",-7.57,"1,059",9.18,"35,239",10.11,500,51.06,"16,573",52.16,"4,396",2.00,"146,226",2.84,"11,808",-5.48,"391,521",-4.69,"12,987",24.28,"432,091",25.29,"30,063",6.55,"996,817",7.44,"10,975",29.27,"365,090",30.33,"27,895",8.46,"924,902",9.36,881,-3.40,"29,297",-2.67,"1,567",2.96,"51,940",3.79
2011M12,"724,852",0.96,"23,946,212",0.56,"656,826",-2.30,"21,627,446",-2.69,"501,712",1.93,"16,574,557",1.52,"345,222",-10.40,"11,367,220",-10.75,"99,035",-0.45,"3,271,724",-0.84,"4,281",1.57,"140,953",1.16,"10,535",-3.42,"348,046",-3.80,"19,904",12.54,"655,382",12.10,"42,859",0.97,"1,415,898",0.57,"118,179",-11.18,"3,891,309",-11.53,"28,088",4.68,"927,918",4.27,"34,154",-21.86,"1,124,596",-22.17,"189,186",-3.64,"6,249,950",-4.02,"97,531",-4.95,"3,211,423",-5.32,"17,868",12.72,"590,288",12.28,"18,757",-2.46,"617,625",-2.85,"46,096",46.16,"1,522,814",45.57,"16,351",-12.00,"538,381",-12.35,"14,315",6.66,"472,920",6.24,"7,461",-32.25,"245,686",-32.52,"18,725",-4.09,"618,599",-4.47,"5,159",25.28,"169,867",24.78,"17,138",0.87,"566,197",0.48,"91,001",19.72,"2,996,414",19.25,458,51.16,"15,123",50.39,"34,678",108.84,"1,141,854",108.02,"2,778",20.42,"91,778",19.96,"30,006",-9.48,"988,007",-9.83,"72,985",-14.53,"2,411,124",-14.87,"81,469",7.49,"2,682,695",7.07,"3,907",-19.19,"129,058",-19.52,"9,657",63.90,"317,989",63.26,"15,202",-15.92,"502,197",-16.25,"20,332",-14.52,"669,482",-14.86,"5,383",-31.52,"177,841",-31.79,"5,647",13.69,"185,950",13.25,"12,320",17.96,"406,994",17.49,"4,756",5.97,"156,608",5.55,"6,289",17.95,"207,750",17.45,"24,608",39.42,"810,265",38.89,730,-5.07,"24,116",-5.45,"3,415",15.06,"112,461",14.63,"90,890",3.55,"3,002,634",3.13,"71,029",-7.88,"2,338,801",-8.24,"8,122",33.15,"268,315",32.62,"4,658",10.62,"153,381",10.19,"82,765",1.34,"2,734,233",0.93,"66,371",-8.95,"2,185,420",-9.31,"6,673",19.18,"220,446",18.67,"3,432",1.00,"113,003",0.65,"4,167",21.10,"137,649",20.61,"1,544",9.12,"50,840",8.71,529,14.25,"17,487",13.77,92,-20.00,"3,037",-20.08,"11,294",25.57,"373,041",25.04,"16,363",13.63,"538,783",13.17,888,15.47,"29,343",15.02,370,7.25,"12,183",6.97,"4,991",17.24,"164,866",16.75,"10,175",39.79,"335,041",39.24,"9,641",8.37,"318,497",7.95,"23,415",4.73,"770,941",4.32,"7,445",4.93,"245,939",4.52,"21,401",6.91,"704,690",6.49,933,8.49,"30,818",8.03,"1,480",0.41,"48,721",0.01
2012M01,"635,656",-14.24,"21,104,111",-16.69,"622,279",-9.63,"20,591,628",-12.20,"423,693",-18.20,"14,066,934",-20.54,"332,942",-15.28,"11,017,295",-17.69,"69,595",-25.88,"2,310,589",-27.99,"4,069",-20.70,"134,653",-22.94,"12,398",-6.65,"411,612",-9.32,"18,340",20.37,"606,874",16.95,"40,715",-12.37,"1,351,749",-14.87,"101,916",-21.87,"3,372,476",-24.09,"27,582",-12.42,"915,747",-14.92,"39,229",-15.53,"1,298,111",-17.93,"158,467",-22.76,"5,261,174",-24.96,"92,748",-15.16,"3,069,094",-17.58,"14,619",-4.14,"485,370",-6.88,"18,576",1.07,"614,704",-1.81,"40,237",9.17,"1,335,907",6.06,"20,459",-6.84,"676,994",-9.49,"14,263",-9.55,"473,536",-12.13,"6,857",-39.44,"226,903",-41.16,"13,566",-36.83,"450,410",-38.64,"5,311",23.40,"175,755",19.90,"18,428",1.43,"611,818",-1.45,"93,492",7.55,"3,093,755",4.49,396,25.32,"13,159",21.96,"18,606",-15.16,"615,699",-17.57,"3,345",-23.96,"111,071",-26.11,"26,277",-17.71,"869,515",-20.05,"71,302",-8.40,"2,367,275",-11.01,"64,961",-10.59,"2,149,490",-13.14,"4,478",0.67,"148,685",-2.18,"9,428",64.25,"311,974",59.57,"14,600",-16.58,"484,736",-18.96,"17,469",-16.46,"578,052",-18.84,"5,000",-30.59,"165,994",-32.58,"4,503",-14.42,"149,002",-16.87,"10,185",-0.67,"338,144",-3.51,"4,157",-10.27,"137,570",-12.83,"6,044",-6.57,"200,600",-9.28,"28,818",47.96,"953,671",43.75,623,-15.01,"20,685",-17.47,"6,303",261.62,"208,575",251.27,"80,155",-7.42,"2,661,174",-10.06,"58,548",-23.07,"1,937,394",-25.26,"5,855",11.52,"194,381",8.33,"3,493",-28.57,"115,590",-30.60,"74,297",-8.64,"2,466,697",-11.25,"55,055",-22.70,"1,821,799",-24.89,"6,036",3.59,"200,511",0.71,"3,297",-8.57,"109,006",-11.21,"4,000",6.70,"132,792",3.64,"1,262",-23.05,"41,748",-25.27,545,0.74,"18,102",-2.03,80,-39.39,"2,652",-40.80,"9,988",12.35,"331,546",9.09,"12,734",5.30,"421,428",2.32,"1,434",82.44,"47,605",77.12,509,5.82,"16,844",2.85,"4,541",3.11,"150,747",0.15,"5,921",30.25,"195,922",26.54,"11,820",-1.34,"392,409",-4.16,"27,278",11.81,"902,604",8.62,"10,194",-2.86,"338,444",-5.64,"25,088",15.74,"830,175",12.45,774,-7.53,"25,697",-10.17,"1,610",-10.61,"53,271",-13.17
2012M02,"693,864",12.30,"23,433,431",10.40,"610,747",2.94,"20,556,962",1.21,"490,152",11.58,"16,553,628",9.70,"335,214",0.34,"11,282,885",-1.35,"81,365",12.96,"2,747,899",11.05,"2,982",13.99,"100,353",12.07,"11,924",20.32,"402,714",18.29,"17,720",12.17,"596,440",10.29,"42,048",5.26,"1,420,064",3.49,"118,504",-7.74,"3,988,673",-9.29,"27,724",1.78,"936,319",0.06,"39,385",-1.13,"1,325,653",-2.80,"192,006",5.54,"6,484,486",3.76,"83,782",15.28,"2,819,979",13.34,"15,166",18.69,"512,175",16.68,"16,776",-1.18,"564,661",-2.84,"46,953",34.53,"1,585,707",32.25,"17,054",12.14,"574,007",10.25,"15,684",24.96,"529,681",22.85,"7,900",-22.53,"265,908",-23.83,"20,334",10.81,"686,711",8.93,"4,608",76.28,"155,105",73.34,"15,221",21.57,"513,968",19.53,"96,735",17.34,"3,255,911",15.36,326,19.85,"10,993",17.76,"22,576",35.80,"759,872",33.51,"3,282",71.03,"110,833",68.17,"36,965",15.28,"1,244,184",13.34,"66,928",6.83,"2,260,306",5.03,"61,248",2.26,"2,061,479",0.53,"3,850",1.85,"130,018",0.13,"5,354",17.23,"180,210",15.25,"14,183",0.35,"479,002",-1.34,"18,035",-2.51,"607,045",-4.15,"4,229",-29.97,"142,813",-31.15,"6,023",33.22,"202,714",30.98,"9,975",22.27,"336,897",20.21,"3,815",4.46,"128,414",2.70,"14,584",252.02,"492,557",246.04,"20,202",2.15,"679,995",0.44,433,-7.08,"14,622",-8.60,9,-99.01,298,-99.04,"74,637",2.19,"2,520,655",0.46,"57,384",-2.78,"1,931,496",-4.42,"5,500",25.40,"185,739",23.27,"3,833",5.45,"129,025",3.69,"69,131",0.71,"2,334,727",-1.00,"53,551",-3.32,"1,802,469",-4.95,"5,892",49.28,"198,983",46.74,"3,792",-17.55,"127,626",-18.91,"3,433",41.22,"115,947",38.83,"1,649",11.19,"55,514",9.31,574,141.18,"19,382",137.47,105,26.51,"3,520",23.42,"8,677",-5.88,"293,003",-7.49,"13,229",10.39,"445,264",8.53,427,-31.24,"14,415",-32.45,331,43.91,"11,145",41.81,"4,155",-27.83,"140,314",-29.06,"6,911",49.91,"232,609",47.37,"9,876",58.75,"333,579",56.10,"22,705",6.90,"764,234",5.11,"6,869",36.97,"231,997",34.65,"20,689",8.74,"696,362",6.91,"1,859",225.00,"62,768",219.66,"1,550",19.05,"52,166",17.07
2012M03,"777,187",-3.24,"26,363,199",-3.15,"708,982",-5.96,"23,968,296",-5.86,"540,665",-2.36,"18,340,078",-2.26,"387,891",-9.35,"13,113,305",-9.26,"98,244",-7.11,"3,332,578",-7.01,"6,553",48.29,"221,531",48.45,"12,448",-16.77,"422,268",-16.69,"20,324",9.63,"687,073",9.74,"42,007",-2.20,"1,424,941",-2.10,"119,527",-15.78,"4,040,814",-15.69,"31,231",3.04,"1,059,406",3.15,"38,273",-22.44,"1,293,862",-22.36,"209,716",-7.15,"7,113,831",-7.05,"110,424",-8.53,"3,733,040",-8.44,"15,773",0.13,"535,038",0.23,"20,173",2.20,"681,983",2.30,"50,161",34.82,"1,701,529",34.95,"23,426",22.69,"791,939",22.82,"17,391",3.69,"589,913",3.79,"10,371",-18.90,"350,610",-18.82,"26,197",13.78,"888,636",13.89,"5,306",21.14,"179,388",21.28,"18,679",-8.22,"633,634",-8.12,"124,966",49.59,"4,224,679",49.74,462,-10.12,"15,664",-10.13,"26,448",34.98,"894,120",35.12,"3,431",-26.31,"116,400",-26.22,"42,629",52.29,"1,441,159",52.45,"79,645",-11.68,"2,701,637",-11.60,"70,694",-14.17,"2,389,886",-14.09,"3,970",-16.96,"134,661",-16.89,"6,529",-8.86,"220,717",-8.78,"14,244",-30.52,"483,163",-30.45,"20,364",-23.68,"688,418",-23.60,"5,168",-31.43,"175,306",-31.36,"5,368",-8.55,"181,480",-8.45,"15,230",26.17,"516,627",26.30,"4,620",-18.82,"156,175",-18.74,"10,766",13.61,"365,274",13.74,"19,894",-35.29,"672,576",-35.22,623,5.41,"21,144",5.63,"5,091",66.70,"172,121",66.86,"87,229",-8.44,"2,958,941",-8.34,"63,279",-21.73,"2,139,222",-21.65,"6,857",-12.71,"232,606",-12.62,"4,197",-46.79,"141,871",-46.74,"80,370",-8.05,"2,726,259",-7.95,"59,082",-19.02,"1,997,351",-18.94,"6,593",7.80,"223,610",7.88,"3,347",3.49,"113,171",3.66,"4,005",4.90,"135,843",5.00,"1,251",1.13,"42,282",1.24,613,27.44,"20,782",27.42,95,-6.86,"3,216",-6.89,"13,861",39.25,"470,152",39.38,"14,127",4.92,"477,560",5.00,557,-31.66,"18,884",-31.65,919,208.39,"31,053",208.43,"7,834",55.87,"265,729",56.01,"6,595",16.11,"222,962",16.22,"12,274",17.54,"416,332",17.68,"24,514",-22.34,"828,702",-22.27,"9,454",16.51,"320,698",16.64,"22,540",-21.96,"762,000",-21.88,"1,911",6.34,"64,831",6.49,"1,577",-15.40,"53,309",-15.33
2012M04,"752,193",-5.69,"25,524,019",-6.52,"733,477",2.75,"24,804,764",1.85,"514,529",-7.78,"17,459,483",-8.60,"388,385",-4.06,"13,134,461",-4.90,"89,477",-15.75,"3,036,217",-16.49,"6,129",74.27,"207,285",72.77,"11,808",-5.54,"400,681",-6.37,"20,294",18.87,"686,307",17.82,"43,325",-9.12,"1,470,149",-9.92,"121,196",-2.65,"4,098,609",-3.51,"29,720",-13.99,"1,008,475",-14.75,"39,618",-17.06,"1,339,812",-17.79,"200,993",-8.52,"6,820,264",-9.33,"108,579",-4.65,"3,671,940",-5.49,"16,707",-15.17,"566,904",-15.92,"17,949",-11.04,"607,008",-11.82,"46,390",19.68,"1,574,148",18.62,"22,570",13.30,"763,280",12.30,"16,924",11.78,"574,292",10.80,"9,232",-10.56,"312,204",-11.35,"22,574",-3.44,"766,005",-4.29,"4,617",19.83,"156,140",18.77,"24,635",36.28,"835,946",35.07,"120,204",34.92,"4,065,090",33.73,408,11.78,"13,847",10.80,"28,633",83.50,"968,300",81.88,"9,567",113.79,"324,639",111.91,"43,405",26.40,"1,467,887",25.29,"82,677",3.68,"2,805,486",2.76,"78,038",11.79,"2,639,031",10.81,"4,479",-6.43,"151,981",-7.26,"6,300",-9.82,"213,044",-10.61,"14,443",-17.48,"490,102",-18.21,"19,097",-9.89,"645,821",-10.68,"5,571",-10.12,"189,035",-10.91,"5,716",2.22,"193,307",1.33,"17,609",39.59,"597,537",38.36,"6,060",37.54,"204,929",36.33,"6,347",7.80,"215,385",6.78,"34,648",18.91,"1,171,818",17.88,709,-9.91,"24,047",-10.79,"7,630","254,233.33","258,032","274,402.13","85,965",-13.91,"2,917,023",-14.67,"66,932",-0.29,"2,263,496",-1.16,"6,313",16.91,"214,212",15.87,"2,942",-37.23,"99,495",-37.78,"79,650",-15.67,"2,702,732",-16.41,"63,990",2.49,"2,164,001",1.58,"6,369",12.09,"216,044",11.05,"3,748",-18.72,"126,800",-19.41,"4,251",22.61,"144,243",21.51,"1,429",-4.16,"48,317",-5.05,443,-7.52,"15,025",-8.33,78,-30.97,"2,626",-31.77,"10,241",-0.48,"347,505",-1.34,"15,332",16.65,"518,508",15.62,935,28.79,"31,728",27.58,328,49.09,"11,089",47.40,"4,852",-4.66,"164,640",-5.50,"9,111",51.17,"308,130",49.86,"13,036",8.27,"442,416",7.34,"25,915",-27.64,"876,395",-28.28,"9,277",-14.58,"314,809",-15.33,"23,831",-26.78,"805,926",-27.42,"2,122",180.32,"71,993",177.79,"1,682",-27.37,"56,895",-28.01
2012M05,"766,383",-4.04,"26,120,764",-6.23,"700,529",-8.55,"23,795,129",-10.63,"531,910",-3.45,"18,129,170",-5.65,"382,558",-9.26,"12,994,502",-11.32,"92,447",-7.60,"3,150,902",-9.71,"6,542",42.06,"222,205",38.81,"13,486",-12.66,"459,632",-14.65,"17,442",-15.15,"592,455",-17.08,"48,674",7.92,"1,658,953",5.46,"122,640",-5.96,"4,165,753",-8.10,"27,969",-4.56,"953,281",-6.74,"38,334",-25.27,"1,302,117",-26.97,"203,025",-8.09,"6,919,717",-10.19,"111,043",-7.74,"3,771,823",-9.84,"16,109",-6.10,"549,059",-8.25,"21,024",0.43,"714,133",-1.86,"52,516",26.88,"1,789,912",23.98,"21,838",-9.02,"741,796",-11.09,"17,632",6.76,"600,964",4.33,"11,251",-13.65,"382,158",-15.62,"19,716",-29.87,"671,972",-31.47,"4,859",22.05,"165,046",19.29,"20,923",12.89,"713,081",10.32,"105,137",3.06,"3,571,229",0.71,585,37.32,"19,928",34.11,"21,157",15.94,"718,664",13.31,"5,420",87.87,"184,737",83.60,"39,005",-17.46,"1,324,898",-19.34,"72,904",-11.36,"2,484,789",-13.38,"73,581",-17.75,"2,499,432",-19.62,"3,614",-21.38,"123,161",-23.19,"5,218",-22.13,"177,226",-23.91,"14,871",-21.84,"506,838",-23.63,"19,125",-32.94,"649,616",-34.46,"5,290",-26.60,"180,305",-28.28,"5,744",-17.44,"195,095",-19.32,"13,239",12.53,"451,233",9.96,"4,188",-27.90,"142,251",-29.55,"7,105",12.44,"242,111",9.83,"23,927",-4.85,"812,711",-7.03,485,-4.15,"16,534",-6.33,"3,950","5,463.38","134,184","5,334.75","95,140",-9.47,"3,242,659",-11.54,"68,213",-13.50,"2,317,004",-15.47,"6,662",2.12,"227,072",-0.22,"4,864",27.23,"165,214",24.32,"88,476",-10.24,"3,015,533",-12.29,"63,349",-15.58,"2,151,790",-17.50,"6,783",7.67,"231,147",5.18,"3,623",0.83,"123,012",-1.54,"4,186",13.38,"142,687",10.80,"1,213",-12.17,"41,185",-14.18,613,7.92,"20,880",5.43,113,18.95,"3,838",16.06,"13,007",17.99,"443,295",15.26,"14,005",-3.11,"475,755",-5.32,917,-29.30,"31,266",-30.91,"1,841",87.47,"62,546",83.23,"7,578",43.82,"258,274",40.52,"5,428",2.92,"184,378",0.58,"10,210",12.17,"348,006",9.66,"29,232",-4.52,"992,939",-6.70,"8,469",12.14,"288,650",9.59,"26,614",-2.64,"904,009",-4.86,928,7.53,"31,611",5.08,"1,911",-26.75,"64,919",-28.42
2012M06,"725,767",0.30,"24,370,966",-3.14,"650,023",-5.30,"21,754,464",-8.53,"510,994",3.99,"17,158,974",0.43,"356,779",-7.74,"11,940,455",-10.89,"94,791",2.91,"3,183,043",-0.61,"4,357",12.93,"145,816",9.09,"12,962",26.25,"435,251",21.92,"15,723",-20.37,"526,203",-23.08,"46,334",11.53,"1,555,866",7.71,"121,561",-7.33,"4,068,296",-10.49,"29,274",4.55,"982,998",0.96,"36,143",-13.67,"1,209,607",-16.61,"194,373",1.35,"6,526,957",-2.12,"98,183",-7.01,"3,285,906",-10.18,"14,908",-14.77,"500,616",-17.69,"17,436",-15.77,"583,525",-18.65,"47,464",29.72,"1,593,839",25.28,"20,501",14.46,"686,114",10.55,"16,421",10.44,"551,425",6.66,"9,116",-20.77,"305,087",-23.48,"22,305",-10.35,"748,982",-13.42,"5,758",27.33,"192,704",22.97,"18,056",-12.32,"606,256",-15.34,"98,606",19.42,"3,300,025",15.34,386,-5.85,"12,946",-9.17,"17,664",-7.52,"591,171",-10.68,"3,510",-47.26,"117,854",-49.07,"28,428",1.88,"951,404",-1.60,"64,162",-8.79,"2,154,550",-11.91,"68,722",-7.17,"2,299,845",-10.34,"3,514",-10.27,"117,999",-13.35,"6,547",15.94,"219,107",11.97,"13,682",-18.62,"459,441",-21.40,"18,627",-23.07,"623,376",-25.70,"4,612",-25.83,"154,882",-28.36,"4,578",-19.46,"153,220",-22.20,"9,942",1.36,"333,854",-2.12,"4,597",-11.00,"153,838",-14.04,"6,025",-27.81,"202,282",-30.32,"26,270",14.98,"879,229",11.05,338,-39.10,"11,342",-41.26,"3,289",174.31,"110,068",164.87,"90,375",-9.52,"3,034,736",-12.62,"61,537",-9.40,"2,059,454",-12.50,"6,041",16.13,"202,838",12.15,"3,833",-36.54,"128,271",-38.71,"84,334",-10.93,"2,831,891",-13.98,"57,704",-6.76,"1,931,180",-9.94,"7,132",26.52,"239,533",22.23,"3,923",2.78,"131,279",-0.77,"4,925",43.29,"165,395",38.41,"1,393",-24.21,"46,618",-26.80,640,68.87,"21,489",63.07,65,8.33,"2,162",4.09,"9,466",-4.57,"317,868",-7.82,"11,811",-30.50,"395,347",-32.86,904,9.05,"30,368",5.39,"1,445",204.85,"48,347",194.14,"4,245",-12.65,"142,544",-15.64,"4,881",-34.40,"163,365",-36.64,"11,568",24.32,"388,421",20.04,"22,086",-29.12,"739,099",-31.55,"9,802",29.35,"329,135",24.91,"19,894",-31.32,"665,792",-33.66,844,-10.40,"28,347",-13.45,"1,819",3.47,"60,875",-0.05
2012M07,"744,162",-8.12,"24,896,682",-11.47,"717,243",0.33,"23,916,071",-3.32,"520,458",-5.96,"17,412,471",-9.39,"388,582",-0.62,"12,956,934",-4.23,"95,914",-8.45,"3,208,910",-11.79,"5,744",41.16,"191,533",36.03,"10,498",-12.20,"351,231",-15.40,"23,732",21.21,"791,321",16.80,"49,686",2.74,"1,662,304",-1.00,"130,806",3.07,"4,361,633",-0.68,"29,147",-13.07,"975,150",-16.24,"38,044",-13.37,"1,268,542",-16.52,"202,090",-7.14,"6,761,121",-10.52,"108,041",-3.86,"3,602,554",-7.35,"17,253",-14.83,"577,203",-17.94,"19,153",-17.25,"638,656",-20.26,"42,602",-5.43,"1,425,281",-8.88,"22,031",4.63,"734,614",0.82,"17,209",2.70,"575,729",-1.05,"10,039",-16.18,"334,729",-19.23,"22,691",4.65,"759,163",0.83,"7,454",60.40,"248,554",54.57,"21,202",-1.48,"709,344",-5.07,"108,291",-0.71,"3,610,827",-4.32,482,9.55,"16,113",5.45,"22,391",-1.13,"746,611",-4.72,"6,477",19.15,"216,695",14.80,"39,598",7.38,"1,320,366",3.48,"66,146",-11.16,"2,212,997",-14.39,"74,192",5.29,"2,473,921",1.46,"3,930",-15.70,"131,486",-18.77,"6,760",15.28,"225,412",11.08,"13,996",-18.22,"468,254",-21.20,"20,857",-13.40,"695,448",-16.55,"3,652",-35.12,"122,194",-37.48,"5,512",-15.92,"183,802",-18.98,"10,338",16.16,"345,860",11.92,"5,031",21.05,"167,755",16.67,"6,604",-2.48,"220,897",-6.14,"21,105",-27.79,"703,739",-30.42,464,-25.88,"15,539",-28.55,"4,980",70.72,"166,047",64.50,"90,338",-17.03,"3,022,348",-20.06,"73,925",10.31,"2,464,989",6.30,"5,967",-17.39,"199,625",-20.40,"4,761",-11.91,"158,742",-15.12,"84,365",-17.01,"2,822,532",-20.04,"69,164",12.26,"2,306,240",8.18,"7,749",16.19,"259,279",11.99,"3,654",5.52,"121,889",1.73,"5,375",28.25,"179,841",23.58,"1,434",15.18,"47,811",10.95,620,38.39,"20,739",33.22,98,-11.71,"3,256",-15.54,"9,979",-41.76,"333,874",-43.88,"16,709",16.81,"557,198",12.57,901,-19.48,"30,131",-22.46,"2,317",121.93,"77,247",113.76,"4,749",-58.43,"158,878",-59.94,"7,522",-2.21,"250,823",-5.77,"13,855",12.05,"463,508",7.94,"30,520",1.40,"1,017,690",-2.29,"11,452",21.74,"383,125",17.29,"27,761",0.92,"925,687",-2.75,994,-50.37,"33,258",-52.19,"2,138",7.60,"71,303",3.71
2012M08,"742,073",-0.23,"24,744,012",-4.02,"641,219",-4.26,"21,310,047",-7.89,"528,188",4.79,"17,612,139",0.80,"351,475",-11.66,"11,680,757",-15.01,"99,863",2.03,"3,329,887",-1.84,"5,268",31.40,"175,073",26.42,"9,483",30.10,"316,194",25.14,"16,412",-5.91,"545,423",-9.48,"47,188",10.05,"1,573,457",5.87,"114,310",-11.06,"3,798,950",-14.43,"27,181",-9.97,"906,342",-13.39,"34,499",-17.33,"1,146,512",-20.46,"200,094",-3.83,"6,672,032",-7.49,"95,516",-15.00,"3,174,356",-18.22,"16,081",-2.89,"536,217",-6.58,"22,789",1.48,"757,356",-2.37,"53,315",45.58,"1,777,753",40.05,"21,808",0.06,"724,751",-3.73,"15,281",-6.59,"509,547",-10.14,"9,221",-19.53,"306,435",-22.58,"18,141",-2.03,"604,894",-5.76,"6,256",11.30,"207,894",7.07,"17,598",-3.95,"586,748",-7.61,"95,521",26.67,"3,174,473",21.87,330,-15.17,"11,014",-18.29,"18,932",34.49,"629,185",29.40,"4,865",50.48,"162,205",44.74,"25,081",-26.97,"833,546",-29.74,"64,737",-14.13,"2,158,613",-17.40,"63,919",-2.01,"2,124,274",-5.72,"3,364",-16.15,"112,181",-19.33,"5,832",-12.52,"193,813",-15.85,"13,776",-11.91,"459,352",-15.25,"19,941",-13.37,"662,729",-16.65,"4,137",-27.55,"137,956",-30.29,"4,914",-16.63,"163,321",-19.78,"9,464",-24.34,"315,571",-27.22,"4,711",-0.06,"156,562",-3.86,"5,651",-44.43,"188,509",-46.53,"21,753",42.49,"722,878",37.07,374,-43.07,"12,485",-45.16,"5,375",-9.97,"178,636",-13.38,"92,052",-5.50,"3,069,391",-9.09,"60,846",-7.73,"2,022,149",-11.22,"6,496",-13.73,"216,597",-17.02,"5,170",25.15,"171,832",20.41,"85,555",-4.81,"2,852,777",-8.43,"55,676",-9.92,"1,850,315",-13.33,"6,964",1.68,"232,212",-2.22,"3,517",-18.93,"116,846",-22.05,"4,850",13.40,"161,731",9.09,"1,355",-17.93,"45,045",-21.03,653,38.05,"21,758",32.69,99,-13.91,"3,285",-16.96,"10,101",-4.86,"336,855",-8.46,"16,106",-5.84,"535,300",-9.41,"1,109",12.36,"36,979",8.07,"1,276",71.74,"42,421",65.21,"4,170",-17.91,"139,040",-21.04,"8,636",3.94,"286,992",0.00,"9,320",-21.07,"310,726",-24.07,"27,832",-1.72,"925,000",-5.44,"7,594",-23.04,"253,212",-25.97,"25,076",-4.27,"833,370",-7.89,955,-13.73,"31,830",-17.03,"2,212",49.16,"73,517",43.48
2012M09,"806,276",12.31,"27,156,474",10.34,"687,201",2.96,"23,068,176",1.16,"584,135",17.79,"19,674,458",15.72,"380,633",2.24,"12,777,182",0.46,"107,501",-2.23,"3,620,795",-3.95,"10,007",145.15,"335,912",140.86,"17,586",98.98,"592,324",95.50,"18,774",13.13,"630,204",11.16,"55,273",29.97,"1,861,654",27.69,"120,882",0.51,"4,057,803",-1.24,"29,443",4.23,"991,663",2.40,"35,979",-12.64,"1,207,761",-14.17,"214,396",13.85,"7,221,149",11.86,"106,784",-4.46,"3,584,550",-6.13,"18,447",28.65,"621,320",26.39,"22,808",5.80,"765,638",3.96,"58,247",43.24,"1,961,821",40.73,"19,786",19.54,"664,197",17.45,"17,752",20.39,"597,902",18.27,"10,060",-3.19,"337,709",-4.87,"26,609",38.52,"896,215",36.09,"6,700",42.22,"224,896",39.73,"16,566",2.89,"557,982",1.09,"103,267",28.68,"3,466,457",26.44,429,3.62,"14,439",1.70,"17,381",25.22,"583,436",23.03,"3,715",25.80,"125,137",23.61,"44,854",47.53,"1,505,658",44.96,"67,420",-8.92,"2,270,776",-10.52,"69,757",7.65,"2,341,528",5.77,"3,370",-5.15,"113,513",-6.80,"6,274",9.94,"210,588",8.01,"13,309",-19.01,"448,253",-20.43,"21,635",-12.31,"726,250",-13.84,"4,112",-21.41,"138,506",-22.77,"4,621",-15.06,"155,119",-16.54,"13,215",4.86,"445,108",3.02,"4,522",28.32,"151,778",26.08,"7,127",28.46,"240,016",26.07,"29,454",-23.99,"988,851",-25.32,466,-4.12,"15,709",-5.80,"1,451",12.92,"48,724",10.97,"92,135",4.81,"3,103,256",2.97,"59,590",2.68,"2,000,338",0.89,"5,914",8.37,"199,189",6.47,"4,569",-21.13,"153,387",-22.50,"86,221",4.57,"2,904,055",2.74,"55,021",5.32,"1,846,949",3.48,"7,475",27.39,"251,734",25.13,"3,532",-12.73,"118,589",-14.29,"5,054",39.69,"170,220",37.25,"1,407",16.38,"47,239",14.34,588,17.37,"19,803",15.33,81,-27.68,"2,731",-28.55,"10,134",-21.65,"341,256",-23.03,"16,734",11.77,"561,767",9.83,"1,126",22.93,"37,927",20.79,739,74.70,"24,793",71.72,"4,125",-44.78,"138,929",-45.75,"11,178",23.99,"375,224",21.82,"13,002",24.15,"437,901",21.97,"23,961",-29.57,"804,348",-30.80,"9,187",4.66,"309,435",2.83,"21,619",-32.44,"725,727",-33.62,"1,033",8.17,"34,792",6.22,"1,703",7.78,"57,170",5.94
2012M10,"775,006",-5.64,"26,514,050",-1.89,"682,285",-5.52,"23,262,369",-1.78,"545,263",-2.59,"18,654,246",1.28,"376,302",-7.92,"12,829,894",-4.28,"98,301",-3.09,"3,363,025",0.75,"9,062",99.34,"308,965",107.20,"15,268",4.08,"522,332",8.21,"18,182",-12.57,"619,908",-9.11,"48,514",-1.75,"1,659,728",2.15,"125,550",-7.83,"4,280,605",-4.18,"31,683",-5.43,"1,083,908",-1.68,"36,124",-19.15,"1,231,654",-15.95,"209,405",-3.82,"7,164,032",-0.01,"101,547",-3.58,"3,462,229",0.23,"15,898",-18.31,"543,880",-15.07,"24,160",-20.91,"823,746",-17.78,"52,678",16.80,"1,802,201",21.43,"18,420",-10.95,"628,015",-7.43,"16,412",11.21,"561,480",15.62,"9,389",-6.37,"320,129",-2.66,"18,727",-19.48,"640,689",-16.28,"6,801",15.12,"231,864",19.67,"17,009",-21.07,"581,852",-17.94,"113,556",23.24,"3,871,667",28.12,460,-14.50,"15,743",-11.00,"16,213",-7.96,"552,782",-4.33,"4,648",-27.23,"159,003",-24.34,"40,080",15.41,"1,366,526",19.98,"73,881",-14.45,"2,527,461",-11.07,"66,756",-10.46,"2,276,061",-6.91,"3,877",-12.60,"132,641",-9.13,"10,025",48.28,"341,814",54.15,"14,164",-17.56,"484,582",-14.28,"18,666",-23.06,"636,391",-20.02,"4,216",-18.89,"144,220",-15.69,"4,304",-12.47,"146,733",-9.01,"14,580",-4.80,"498,794",-1.02,"4,639",-15.91,"158,150",-12.59,"8,613",10.72,"294,686",15.15,"19,174",-44.04,"653,612",-41.84,450,-14.12,"15,395",-10.75,"1,334",-72.14,"45,487",-71.04,"91,463",-12.95,"3,129,090",-9.50,"59,760",-5.61,"2,037,506",-1.87,"6,107",-12.26,"208,931",-8.77,"3,565",-0.50,"121,543",3.44,"85,356",-13.00,"2,920,150",-9.55,"56,195",-5.91,"1,915,962",-2.19,"8,241",20.50,"281,973",25.27,"3,897",-1.44,"132,816",2.45,"5,694",30.06,"194,816",35.24,"1,833",18.11,"62,493",22.77,524,-11.19,"17,941",-7.64,72,-54.72,"2,447",-52.98,"10,207",-9.20,"349,204",-5.61,"14,921",-2.69,"508,702",1.16,837,-20.96,"28,646",-17.79,325,20.37,"11,079",25.17,"4,613",-10.36,"157,809",-6.81,"8,375",6.58,"285,546",10.80,"12,004",-14.01,"410,691",-10.59,"27,643",-6.83,"942,456",-3.14,"9,923",-11.12,"339,469",-7.60,"25,268",-7.76,"861,516",-4.12,"1,027",-4.91,"35,152",-1.10,"1,608",-6.51,"54,813",-2.83
2012M11,"724,676",-2.30,"24,877,293",0.82,"627,918",-3.00,"21,481,974",0.09,"523,501",1.45,"17,971,131",4.68,"324,497",-9.60,"11,101,422",-6.73,"93,394",0.87,"3,206,120",4.09,"10,549",150.93,"360,896",158.91,"13,423",8.80,"460,797",12.28,"14,503",-16.64,"496,159",-13.99,"49,385",9.61,"1,695,324",13.11,"101,881",-14.32,"3,485,506",-11.60,"29,635",3.69,"1,017,347",7.00,"34,850",-19.02,"1,192,265",-16.44,"196,203",0.22,"6,735,419",3.42,"93,504",-6.78,"3,198,902",-3.81,"15,215",-2.17,"522,298",0.95,"16,983",-14.91,"580,998",-12.21,"52,505",-7.24,"1,802,436",-4.28,"15,224",-21.29,"520,839",-18.79,"14,986",32.27,"514,444",36.49,"8,039",-5.92,"275,009",-2.94,"18,699",-22.12,"641,910",-19.64,"4,802",2.61,"164,267",5.85,"14,241",-20.29,"488,832",-17.74,"116,361",37.60,"3,980,931",41.98,430,-6.52,"14,752",-3.52,"26,521",106.53,"907,316",113.10,"3,289",-12.76,"112,893",-9.98,"38,840",-1.46,"1,328,789",1.67,"62,539",-9.62,"2,146,924",-6.73,"69,631",5.43,"2,382,205",8.79,"3,382",-20.48,"116,105",-17.93,"9,431",5.20,"322,661",8.55,"11,746",-17.91,"403,226",-15.29,"16,856",-19.14,"576,654",-16.57,"3,583",-19.81,"123,001",-17.24,"4,003",-24.37,"136,966",-21.96,"11,402",21.96,"391,415",25.86,"3,961",-18.30,"135,497",-15.71,"5,809",-36.70,"199,395",-34.69,"25,171",13.63,"861,249",17.27,390,-26.28,"13,381",-24.00,"1,687",-66.22,"57,701",-65.15,"85,108",-7.18,"2,921,671",-4.22,"53,750",-13.42,"1,838,857",-10.66,"6,464",17.08,"221,891",20.81,"3,254",-34.25,"111,308",-32.17,"78,642",-8.74,"2,699,700",-5.82,"50,496",-11.61,"1,727,547",-8.80,"5,845",-8.16,"200,660",-5.23,"3,809",-15.58,"130,326",-12.87,"3,838",0.37,"131,738",3.55,"1,903",-1.55,"65,105",1.60,342,-36.90,"11,743",-34.85,51,-58.20,"1,737",-57.08,"8,395",-16.47,"288,164",-13.81,"12,741",-31.63,"435,903",-29.45,931,-12.09,"31,964",-9.29,257,-48.60,"8,778",-47.03,"3,454",-21.43,"118,570",-18.91,"8,303",-29.68,"284,060",-27.45,"11,114",-14.42,"381,532",-11.70,"21,665",-27.93,"741,202",-25.64,"8,380",-23.64,"287,690",-21.20,"19,821",-28.94,"678,098",-26.68,952,8.06,"32,682",11.55,"1,306",-16.66,"44,683",-13.97
2012M12,"756,722",4.40,"26,075,863",8.89,"639,553",-2.63,"21,962,680",1.55,"538,546",7.34,"18,557,767",11.97,"344,996",-0.07,"11,847,367",4.22,"99,893",0.87,"3,442,227",5.21,"7,414",73.18,"254,603",80.63,"12,051",14.39,"415,267",19.31,"15,913",-20.05,"546,479",-16.62,"48,016",12.03,"1,654,589",16.86,"112,244",-5.02,"3,854,524",-0.95,"29,361",4.53,"1,011,768",9.04,"36,614",7.20,"1,257,340",11.80,"204,129",7.90,"7,034,067",12.55,"102,906",5.51,"3,533,859",10.04,"17,623",-1.37,"607,263",2.88,"14,830",-20.94,"509,279",-17.54,"50,504",9.56,"1,740,313",14.28,"17,450",6.72,"599,245",11.31,"14,135",-1.26,"487,082",2.99,"8,148",9.21,"279,809",13.89,"19,633",4.85,"676,539",9.37,"5,624",9.01,"193,128",13.69,"15,457",-9.81,"532,659",-5.92,"105,822",16.29,"3,634,053",21.28,497,8.52,"17,141",13.34,"18,848",-45.65,"647,251",-43.32,"3,235",16.45,"111,476",21.46,"33,046",10.13,"1,134,825",14.86,"77,612",6.34,"2,674,363",10.92,"76,565",-6.02,"2,629,230",-1.99,"4,286",9.70,"147,709",14.45,"9,999",3.54,"343,374",7.98,"13,868",-8.78,"477,876",-4.84,"19,343",-4.86,"664,260",-0.78,"4,610",-14.36,"158,862",-10.67,"4,826",-14.54,"165,742",-10.87,"14,332",16.33,"493,863",21.34,"4,412",-7.23,"151,513",-3.25,"7,023",11.67,"241,970",16.47,"10,161",-58.71,"348,970",-56.93,428,-41.37,"14,737",-38.89,"1,565",-54.17,"53,750",-52.21,"84,174",-7.39,"2,900,537",-3.40,"64,537",-9.14,"2,216,240",-5.24,"5,846",-28.02,"201,433",-24.93,"3,728",-19.97,"128,019",-16.54,"78,328",-5.36,"2,699,102",-1.28,"60,809",-8.38,"2,088,220",-4.45,"6,192",-7.21,"213,334",-3.23,"5,214",51.92,"179,117",58.51,"4,002",-3.96,"137,910",0.19,"1,377",-10.82,"47,291",-6.98,443,-16.26,"15,275",-12.65,113,22.83,"3,896",28.28,"9,470",-16.15,"326,391",-12.51,"12,283",-24.93,"421,827",-21.71,879,-1.01,"30,290",3.23,273,-26.22,"9,391",-22.92,"4,464",-10.56,"153,810",-6.71,"7,367",-27.60,"252,974",-24.49,"10,412",8.00,"358,766",12.64,"19,653",-16.07,"674,888",-12.46,"7,439",-0.08,"256,336",4.23,"17,450",-18.46,"599,249",-14.96,"2,020",116.51,"69,612",125.88,"1,407",-4.93,"48,327",-0.81
2013M01,"743,169",16.91,"25,670,776",21.64,"730,804",17.44,"25,156,757",22.17,"531,986",25.56,"18,376,011",30.63,"398,031",19.55,"13,701,589",24.36,"93,107",33.78,"3,216,129",39.19,"7,239",77.91,"249,201",85.07,"13,155",6.11,"454,391",10.39,"21,429",16.84,"737,645",21.55,"45,913",12.77,"1,585,954",17.33,"110,412",8.34,"3,800,760",12.70,"31,597",14.56,"1,091,448",19.19,"43,028",9.68,"1,481,186",14.10,"205,285",29.54,"7,091,021",34.78,"121,794",31.32,"4,192,562",36.61,"21,546",47.38,"744,260",53.34,"19,646",5.76,"676,280",10.02,"45,080",12.04,"1,557,183",16.56,"20,237",-1.09,"696,634",2.90,"15,055",5.55,"520,043",9.82,"10,344",50.85,"356,086",56.93,"20,829",53.54,"719,498",59.74,"7,031",32.39,"242,030",37.71,"15,603",-15.33,"538,965",-11.91,"118,059",26.28,"4,064,008",31.36,436,10.10,"15,069",14.51,"26,546",42.67,"913,802",48.42,"4,162",24.42,"143,754",29.43,"34,997",33.18,"1,204,706",38.55,"70,021",-1.80,"2,418,695",2.17,"80,398",23.76,"2,767,568",28.75,"3,764",-15.94,"130,012",-12.56,"9,926",5.28,"341,671",9.52,"14,225",-2.57,"491,380",1.37,"21,282",21.83,"732,614",26.74,"4,372",-12.56,"151,010",-9.03,"5,076",12.72,"174,748",17.28,"12,132",19.12,"419,071",23.93,"4,927",18.52,"169,620",23.30,"8,912",47.45,"307,844",53.46,"17,977",-37.62,"618,821",-35.11,501,-19.58,"17,294",-16.39,823,-86.94,"28,346",-86.41,"79,254",-1.12,"2,737,611",2.87,"70,696",20.75,"2,433,594",25.61,"5,622",-3.98,"194,194",-0.10,"3,633",4.01,"125,055",8.19,"73,630",-0.90,"2,543,346",3.11,"67,011",21.72,"2,306,740",26.62,"6,765",12.08,"233,665",16.53,"4,900",48.62,"168,669",54.73,"4,242",6.05,"146,533",10.35,"2,033",61.09,"69,999",67.67,526,-3.49,"18,183",0.45,134,67.50,"4,610",73.83,"9,282",-7.07,"320,605",-3.30,"13,108",2.94,"451,219",7.07,858,-40.17,"29,637",-37.74,600,17.88,"20,664",22.68,"3,987",-12.20,"137,730",-8.63,"6,775",14.42,"233,230",19.04,"12,983",9.84,"448,457",14.28,"27,349",0.26,"941,436",4.30,"10,866",6.59,"375,341",10.90,"24,521",-2.26,"844,097",1.68,966,24.81,"33,357",29.81,"1,997",24.04,"68,733",29.03
2013M02,"580,275",-16.37,"19,730,517",-15.80,"554,742",-9.17,"18,798,453",-8.55,"406,585",-17.05,"13,824,726",-16.49,"277,881",-17.10,"9,416,503",-16.54,"63,731",-21.67,"2,166,982",-21.14,"2,892",-3.02,"97,987",-2.36,"10,987",-7.86,"373,574",-7.24,"14,427",-18.58,"488,891",-18.03,"41,947",-0.24,"1,426,282",0.44,"93,239",-21.32,"3,159,562",-20.79,"23,828",-14.05,"810,194",-13.47,"30,751",-21.92,"1,042,048",-21.39,"148,427",-22.70,"5,046,821",-22.17,"67,937",-18.91,"2,302,164",-18.36,"12,947",-14.63,"440,221",-14.05,"13,824",-17.60,"468,465",-17.04,"43,966",-6.36,"1,494,935",-5.72,"19,188",12.51,"650,222",13.28,"13,424",-14.41,"456,457",-13.82,"7,056",-10.68,"239,115",-10.08,"13,915",-31.57,"473,138",-31.10,"3,024",-34.38,"102,471",-33.93,"15,878",4.32,"539,871",5.04,"106,897",10.50,"3,622,401",11.26,400,22.70,"13,587",23.60,"18,911",-16.23,"640,836",-15.67,"6,548",99.51,"222,629",100.87,"36,774",-0.52,"1,246,143",0.16,"55,016",-17.80,"1,870,666",-17.24,"55,738",-9.00,"1,888,793",-8.38,"2,715",-29.48,"92,318",-29.00,"4,424",-17.37,"149,916",-16.81,"10,995",-22.48,"373,864",-21.95,"12,872",-28.63,"436,193",-28.14,"3,201",-24.31,"108,843",-23.79,"4,766",-20.87,"161,496",-20.33,"8,806",-11.72,"299,421",-11.12,"3,088",-19.06,"104,656",-18.50,"7,718",-47.08,"262,441",-46.72,"13,499",-33.18,"457,442",-32.73,532,22.86,"18,079",23.64,945,"10,400.00","32,015","10,643.29","65,217",-12.62,"2,217,526",-12.03,"68,364",19.13,"2,316,628",19.94,"4,741",-13.80,"161,196",-13.21,"2,173",-43.31,"73,623",-42.94,"60,474",-12.52,"2,056,226",-11.93,"66,184",23.59,"2,242,774",24.43,"5,674",-3.70,"192,928",-3.04,"4,508",18.88,"152,771",19.70,"3,969",15.61,"134,937",16.38,"1,817",10.19,"61,557",10.89,437,-23.87,"14,848",-23.39,67,-36.19,"2,274",-35.40,"7,702",-11.24,"261,872",-10.62,"7,918",-40.15,"268,315",-39.74,652,52.69,"22,163",53.75,652,96.98,"22,109",98.38,"3,247",-21.85,"110,391",-21.33,"3,485",-49.57,"118,092",-49.23,"8,903",-9.85,"302,707",-9.25,"19,692",-13.27,"667,304",-12.68,"7,767",13.07,"264,082",13.83,"18,147",-12.29,"614,933",-11.69,668,-64.07,"22,701",-63.83,"1,220",-21.29,"41,348",-20.74
2013M03,"806,332",3.75,"27,213,359",3.22,"713,864",0.69,"24,011,587",0.18,"577,613",6.83,"19,494,189",6.29,"386,341",-0.40,"12,994,985",-0.90,"102,065",3.89,"3,444,661",3.36,"4,417",-32.60,"148,586",-32.93,"16,175",29.94,"545,889",29.28,"17,620",-13.30,"592,682",-13.74,"49,022",16.70,"1,654,471",16.11,"121,324",1.50,"4,080,865",0.99,"33,336",6.74,"1,125,067",6.20,"45,116",17.88,"1,517,523",17.29,"223,472",6.56,"7,542,095",6.02,"109,622",-0.73,"3,687,254",-1.23,"16,220",2.83,"547,420",2.31,"16,716",-17.14,"562,268",-17.55,"50,336",0.35,"1,698,817",-0.16,"20,161",-13.94,"678,126",-14.37,"17,504",0.65,"590,758",0.14,"9,536",-8.05,"320,746",-8.52,"25,050",-4.38,"845,415",-4.86,"6,000",13.08,"201,810",12.50,"25,920",38.77,"874,778",38.06,"116,072",-7.12,"3,904,201",-7.59,555,20.13,"18,740",19.64,"23,999",-9.26,"807,247",-9.72,"7,724",125.12,"260,684",123.96,"42,701",0.17,"1,436,308",-0.34,"70,242",-11.81,"2,370,631",-12.25,"77,384",9.46,"2,602,902",8.91,"4,114",3.63,"138,840",3.10,"5,731",-12.22,"192,766",-12.66,"13,860",-2.70,"467,782",-3.18,"22,162",8.83,"745,445",8.28,"5,093",-1.45,"171,880",-1.95,"6,101",13.65,"205,213",13.08,"11,632",-23.62,"392,570",-24.01,"4,401",-4.74,"148,046",-5.21,"12,270",13.97,"414,120",13.37,"21,384",7.49,"719,288",6.95,572,-8.19,"19,316",-8.65,"3,396",-33.29,"114,214",-33.64,"84,781",-2.81,"2,861,329",-3.30,"70,325",11.13,"2,365,466",10.58,"5,537",-19.25,"186,876",-19.66,"4,516",7.60,"151,914",7.08,"79,243",-1.40,"2,674,430",-1.90,"65,732",11.26,"2,210,962",10.69,"7,291",10.59,"246,070",10.04,"5,962",78.13,"200,525",77.19,"4,535",13.23,"153,046",12.66,"2,747",119.58,"92,383",118.49,460,-24.96,"15,518",-25.33,83,-12.63,"2,804",-12.81,"10,276",-25.86,"346,821",-26.23,"15,505",9.75,"521,538",9.21,960,72.35,"32,386",71.50,785,-14.58,"26,402",-14.98,"4,727",-39.66,"159,527",-39.97,"9,378",42.20,"315,450",41.48,"10,429",-15.03,"351,975",-15.46,"20,633",-15.83,"694,012",-16.25,"8,618",-8.84,"290,862",-9.30,"18,305",-18.79,"615,722",-19.20,998,-47.78,"33,688",-48.04,"1,962",24.41,"65,991",23.79
2013M04,"746,684",-0.73,"25,039,704",-1.90,"680,508",-7.22,"22,744,252",-8.31,"523,794",1.80,"17,565,183",0.61,"370,400",-4.63,"12,379,667",-5.75,"97,212",8.64,"3,259,966",7.37,"4,022",-34.38,"134,409",-35.16,"10,736",-9.08,"360,032",-10.14,"16,974",-16.36,"567,305",-17.34,"44,694",3.16,"1,498,781",1.95,"105,391",-13.04,"3,522,422",-14.06,"29,623",-0.33,"993,404",-1.49,"42,759",7.93,"1,429,101",6.66,"197,424",-1.78,"6,620,516",-2.93,"106,897",-1.55,"3,572,749",-2.70,"17,811",6.61,"597,293",5.36,"21,453",19.52,"717,004",18.12,"47,325",2.02,"1,587,010",0.82,"21,308",-5.59,"712,181",-6.69,"16,005",-5.43,"536,714",-6.54,"9,482",2.71,"316,901",1.50,"21,291",-5.68,"713,981",-6.79,"6,811",47.52,"227,651",45.80,"20,755",-15.75,"696,024",-16.74,"104,967",-12.68,"3,508,255",-13.70,729,78.68,"24,434",76.46,"11,716",-59.08,"391,566",-59.56,"3,698",-61.35,"124,004",-61.80,"42,398",-2.32,"1,417,048",-3.46,"67,410",-18.47,"2,260,568",-19.42,"71,077",-8.92,"2,375,568",-9.98,"4,030",-10.02,"135,134",-11.08,"6,005",-4.68,"200,707",-5.79,"14,470",0.19,"485,244",-0.99,"20,211",5.83,"675,495",4.59,"4,333",-22.22,"145,313",-23.13,"4,879",-14.64,"163,053",-15.65,"9,646",-45.22,"323,462",-45.87,"4,231",-30.18,"141,401",-31.00,"8,438",32.94,"282,964",31.38,"25,009",-27.82,"835,877",-28.67,716,0.99,"24,027",-0.08,"1,531",-79.93,"51,162",-80.17,"90,815",5.64,"3,045,427",4.40,"65,603",-1.99,"2,192,608",-3.13,"6,232",-1.28,"208,984",-2.44,"3,373",14.65,"112,749",13.32,"84,583",6.19,"2,836,439",4.95,"62,210",-2.78,"2,079,204",-3.92,"6,936",8.90,"232,597",7.66,"4,741",26.49,"158,458",24.97,"4,523",6.40,"151,672",5.15,"2,284",59.83,"76,329",57.98,406,-8.35,"13,621",-9.34,88,12.82,"2,931",11.61,"9,161",-10.55,"307,203",-11.60,"9,774",-36.25,"326,676",-37.00,731,-21.82,"24,519",-22.72,633,92.99,"21,159",90.81,"4,534",-6.55,"152,046",-7.65,"6,051",-33.59,"202,242",-34.36,"10,990",-15.69,"368,532",-16.70,"28,666",10.62,"958,100",9.32,"9,080",-2.12,"304,487",-3.28,"26,189",9.89,"875,313",8.61,940,-55.70,"31,535",-56.20,"1,897",12.78,"63,406",11.44
2013M05,"779,475",1.71,"26,298,067",0.68,"650,504",-7.14,"21,873,048",-8.08,"549,141",3.24,"18,527,029",2.19,"354,044",-7.45,"11,904,656",-8.39,"98,934",7.02,"3,337,855",5.93,"3,543",-45.84,"119,131",-46.39,"13,688",1.50,"461,819",0.48,"16,310",-6.49,"548,435",-7.43,"44,635",-8.30,"1,505,888",-9.23,"104,473",-14.81,"3,512,883",-15.67,"30,518",9.11,"1,029,621",8.01,"37,467",-2.26,"1,259,806",-3.25,"209,131",3.01,"7,055,699",1.97,"103,860",-6.47,"3,492,269",-7.41,"18,952",17.65,"639,403",16.45,"20,258",-3.64,"681,160",-4.62,"53,085",1.08,"1,790,989",0.06,"25,952",18.84,"872,636",17.64,"17,257",-2.13,"582,209",-3.12,"8,842",-21.41,"297,301",-22.20,"21,379",8.43,"721,296",7.34,"6,731",38.53,"226,320",37.13,"20,432",-2.35,"689,325",-3.33,"94,311",-10.30,"3,171,177",-11.20,639,9.23,"21,562",8.20,"25,187",19.05,"846,909",17.84,"4,037",-25.52,"136,208",-26.27,"27,592",-29.26,"927,764",-29.97,"66,451",-8.85,"2,241,942",-9.77,"69,908",-4.99,"2,350,655",-5.95,"4,029",11.48,"135,930",10.37,"5,294",1.46,"178,000",0.44,"13,504",-9.19,"455,609",-10.11,"20,178",5.51,"678,468",4.44,"4,717",-10.83,"159,150",-11.73,"4,614",-19.67,"155,147",-20.48,"9,187",-30.61,"309,948",-31.31,"4,279",2.17,"143,895",1.16,"8,993",26.57,"303,402",25.32,"20,145",-15.81,"677,378",-16.65,543,11.96,"18,329",10.86,"3,022",-23.49,"101,614",-24.27,"95,185",0.05,"3,211,383",-0.96,"73,324",7.49,"2,465,485",6.41,"6,783",1.82,"228,847",0.78,"4,103",-15.65,"137,966",-16.49,"88,400",-0.09,"2,982,456",-1.10,"69,203",9.24,"2,326,927",8.14,"7,072",4.26,"238,608",3.23,"5,942",64.01,"199,795",62.42,"4,435",5.95,"149,619",4.86,"3,127",157.79,"105,138",155.28,523,-14.68,"17,634",-15.55,97,-14.16,"3,264",-14.96,"10,230",-21.35,"345,130",-22.14,"11,643",-16.87,"391,501",-17.71,944,2.94,"31,864",1.91,"2,164",17.54,"72,755",16.32,"4,903",-35.30,"165,419",-35.95,"6,400",17.91,"215,187",16.71,"14,187",38.95,"478,643",37.54,"20,904",-28.49,"702,889",-29.21,"10,279",21.37,"346,808",20.15,"18,060",-32.14,"607,253",-32.83,"1,979",113.25,"66,752",111.17,"2,195",14.86,"73,808",13.69
2013M06,"789,300",8.75,"26,486,576",8.68,"693,114",6.63,"23,181,057",6.56,"565,352",10.64,"18,971,535",10.56,"371,138",4.02,"12,412,638",3.95,"95,324",0.56,"3,198,799",0.49,"3,909",-10.28,"130,727",-10.35,"12,779",-1.41,"428,814",-1.48,"15,402",-2.04,"515,122",-2.11,"50,541",9.08,"1,695,998",9.01,"121,122",-0.36,"4,050,903",-0.43,"33,492",14.41,"1,123,893",14.33,"39,272",8.66,"1,313,428",8.58,"211,116",8.61,"7,084,440",8.54,"104,903",6.84,"3,508,449",6.77,"21,407",43.59,"718,347",43.49,"21,265",21.96,"711,217",21.88,"59,325",24.99,"1,990,765",24.90,"20,503",0.01,"685,729",-0.06,"17,399",5.96,"583,866",5.88,"9,900",8.60,"331,111",8.53,"25,379",13.78,"851,645",13.71,"8,365",45.28,"279,760",45.18,"19,638",8.76,"658,995",8.70,"111,828",13.41,"3,740,079",13.33,680,76.17,"22,833",76.37,"13,252",-24.98,"443,220",-25.03,"5,878",67.46,"197,255",67.37,"44,162",55.35,"1,476,977",55.24,"68,769",7.18,"2,307,670",7.11,"72,654",5.72,"2,429,893",5.65,"3,477",-1.05,"116,669",-1.13,"7,062",7.87,"236,183",7.79,"13,768",0.63,"462,006",0.56,"21,337",14.55,"713,628",14.48,"4,087",-11.38,"137,153",-11.45,"5,195",13.48,"173,739",13.39,"10,838",9.01,"363,694",8.94,"4,594",-0.07,"153,637",-0.13,"9,399",56.00,"315,387",55.91,"23,755",-9.57,"794,471",-9.64,500,47.93,"16,762",47.79,"1,731",-47.37,"57,885",-47.41,"87,878",-2.76,"2,948,917",-2.83,"65,585",6.58,"2,193,474",6.51,"6,143",1.69,"206,144",1.63,"4,121",7.51,"137,811",7.44,"81,734",-3.08,"2,742,768",-3.15,"61,445",6.48,"2,055,006",6.41,"6,912",-3.08,"231,954",-3.16,"6,805",73.46,"227,599",73.37,"4,479",-9.06,"150,316",-9.12,"2,396",72.00,"80,122",71.87,456,-28.75,"15,304",-28.78,59,-9.23,"1,970",-8.88,"9,958",5.20,"334,168",5.13,"17,198",45.61,"575,194",45.49,974,7.74,"32,683",7.62,"3,116",115.64,"104,231",115.59,"4,774",12.46,"160,215",12.40,"6,647",36.18,"222,301",36.08,"13,460",16.36,"451,667",16.28,"23,846",7.97,"797,514",7.90,"10,835",10.54,"363,590",10.47,"20,711",4.11,"692,667",4.04,"1,147",35.90,"38,496",35.80,"2,280",25.34,"76,271",25.29
2013M07,"758,272",1.90,"25,301,024",1.62,"663,455",-7.50,"22,063,684",-7.75,"534,282",2.66,"17,827,231",2.38,"371,033",-4.52,"12,338,976",-4.77,"91,074",-5.05,"3,038,838",-5.30,"3,715",-35.32,"123,559",-35.49,"12,842",22.33,"428,504",22.00,"16,068",-32.29,"534,350",-32.47,"50,417",1.47,"1,682,259",1.20,"109,948",-15.95,"3,656,393",-16.17,"31,658",8.61,"1,056,331",8.32,"39,712",4.38,"1,320,667",4.11,"204,958",1.42,"6,838,779",1.15,"112,971",4.56,"3,756,931",4.29,"20,608",19.45,"687,607",19.13,"21,933",14.51,"729,397",14.21,"47,973",12.61,"1,600,712",12.31,"22,342",1.41,"743,011",1.14,"16,594",-3.57,"553,684",-3.83,"9,479",-5.58,"315,221",-5.83,"20,102",-11.41,"670,744",-11.65,"6,290",-15.62,"209,190",-15.84,"19,068",-10.07,"636,221",-10.31,"96,302",-11.07,"3,202,579",-11.31,741,53.73,"24,715",53.39,"14,697",-34.36,"488,775",-34.53,"4,063",-37.27,"135,569",-37.44,"32,463",-18.02,"1,079,588",-18.24,"70,320",6.31,"2,346,335",6.03,"72,525",-2.25,"2,411,887",-2.51,"3,627",-7.71,"121,030",-7.95,"7,155",5.84,"237,944",5.56,"15,187",8.51,"506,751",8.22,"22,144",6.17,"736,427",5.89,"3,502",-4.11,"116,862",-4.36,"5,437",-1.36,"180,798",-1.63,"9,551",-7.61,"318,697",-7.85,"4,998",-0.66,"166,203",-0.93,"6,457",-2.23,"215,465",-2.46,"20,460",-3.06,"680,399",-3.32,647,39.44,"21,576",38.85,"2,606",-47.67,"86,671",-47.80,"91,918",1.75,"3,066,985",1.48,"59,688",-19.26,"1,984,968",-19.47,"6,142",2.93,"204,924",2.65,"3,540",-25.65,"117,718",-25.84,"85,776",1.67,"2,862,051",1.40,"56,122",-18.86,"1,866,367",-19.07,"6,725",-13.21,"224,388",-13.46,"4,425",21.10,"147,167",20.74,"4,280",-20.37,"142,803",-20.59,"1,582",10.32,"52,614",10.05,396,-36.13,"13,197",-36.37,97,-1.02,"3,235",-0.64,"10,962",9.85,"365,772",9.55,"14,418",-13.71,"479,486",-13.95,"1,329",47.50,"44,356",47.21,"1,724",-25.59,"57,339",-25.77,"5,422",14.17,"180,915",13.87,"6,791",-9.72,"225,846",-9.96,"10,685",-22.88,"356,531",-23.08,"24,294",-20.40,"807,901",-20.61,"8,880",-22.46,"296,280",-22.67,"21,084",-24.05,"701,172",-24.25,"1,156",16.30,"38,584",16.01,"2,495",16.70,"82,965",16.36
2013M08,"766,456",3.29,"25,633,965",3.60,"631,131",-1.57,"21,037,707",-1.28,"544,271",3.04,"18,203,039",3.36,"329,047",-6.38,"10,968,228",-6.10,"100,813",0.95,"3,371,657",1.25,"3,120",-40.77,"104,001",-40.60,"11,063",16.66,"370,004",17.02,"14,157",-13.74,"471,894",-13.48,"46,970",-0.46,"1,570,899",-0.16,"96,474",-15.60,"3,215,813",-15.35,"30,734",13.07,"1,027,900",13.41,"33,741",-2.20,"1,124,690",-1.90,"206,769",3.34,"6,915,336",3.65,"98,174",2.78,"3,272,479",3.09,"21,884",36.09,"731,919",36.50,"24,219",6.27,"807,298",6.59,"46,909",-12.02,"1,568,868",-11.75,"18,527",-15.04,"617,575",-14.79,"15,540",1.69,"519,748",2.00,"7,865",-14.71,"262,154",-14.45,"23,885",31.66,"798,818",32.06,"5,923",-5.32,"197,428",-5.03,"16,129",-8.35,"539,431",-8.06,"124,472",30.31,"4,149,055",30.70,468,41.82,"15,657",42.16,"21,179",11.87,"705,973",12.20,"3,528",-27.48,"117,985",-27.26,"45,666",82.07,"1,522,196",82.62,"67,093",3.64,"2,243,929",3.95,"63,810",-0.17,"2,126,992",0.13,"3,400",1.07,"113,722",1.37,"5,809",-0.39,"193,638",-0.09,"13,436",-2.47,"449,365",-2.17,"18,311",-8.17,"610,378",-7.90,"4,230",2.25,"141,475",2.55,"4,968",1.10,"165,610",1.40,"9,637",1.83,"322,318",2.14,"4,300",-8.72,"143,332",-8.45,"8,065",42.72,"269,748",43.10,"18,071",-16.93,"602,372",-16.67,"1,028",174.87,"34,397",175.51,541,-89.93,"18,036",-89.90,"92,521",0.51,"3,094,358",0.81,"57,871",-4.89,"1,929,021",-4.61,"6,471",-0.38,"216,412",-0.09,"3,962",-23.37,"132,075",-23.14,"86,050",0.58,"2,877,942",0.88,"53,828",-3.32,"1,794,279",-3.03,"7,540",8.27,"252,159",8.59,"5,837",65.97,"194,575",66.52,"4,951",2.08,"165,582",2.38,"1,975",45.76,"65,821",46.12,467,-28.48,"15,625",-28.19,101,2.02,"3,374",2.71,"9,567",-5.29,"319,953",-5.02,"11,628",-27.80,"387,607",-27.59,836,-24.62,"27,976",-24.35,"1,160",-9.09,"38,683",-8.81,"4,676",12.13,"156,389",12.48,"5,814",-32.68,"193,811",-32.47,"13,393",43.70,"447,922",44.15,"20,258",-27.21,"675,261",-27.00,"9,928",30.73,"332,042",31.13,"18,369",-26.75,"612,316",-26.53,"1,041",9.01,"34,820",9.39,"1,704",-22.97,"56,795",-22.75
2013M09,"751,977",-6.73,"25,242,611",-7.05,"684,346",-0.42,"22,895,494",-0.75,"538,175",-7.87,"18,065,628",-8.18,"371,312",-2.45,"12,422,612",-2.78,"104,077",-3.19,"3,493,700",-3.51,"3,430",-65.72,"114,767",-65.83,"11,458",-34.85,"384,610",-35.07,"21,038",12.06,"703,847",11.69,"49,273",-10.86,"1,654,001",-11.15,"101,709",-15.86,"3,402,786",-16.14,"31,433",6.76,"1,055,136",6.40,"39,834",10.71,"1,332,691",10.34,"191,662",-10.60,"6,433,756",-10.90,"110,246",3.24,"3,688,383",2.90,"25,890",40.35,"869,074",39.88,"25,395",11.34,"849,613",10.97,"46,293",-20.52,"1,553,968",-20.79,"20,039",1.28,"670,423",0.94,"15,484",-12.78,"519,765",-13.07,"9,428",-6.28,"315,431",-6.60,"24,513",-7.88,"822,858",-8.19,"7,302",8.99,"244,289",8.62,"17,548",5.93,"589,053",5.57,"106,678",3.30,"3,569,031",2.96,496,15.62,"16,649",15.31,"23,565",35.58,"788,381",35.13,"3,818",2.77,"128,171",2.42,"42,423",-5.42,"1,419,304",-5.74,"70,664",4.81,"2,372,068",4.46,"87,542",25.50,"2,928,808",25.08,"3,589",6.50,"120,480",6.14,"6,154",-1.91,"205,898",-2.23,"13,842",4.00,"464,638",3.66,"24,556",13.50,"821,556",13.12,"4,374",6.37,"146,823",6.00,"5,455",18.05,"182,502",17.65,"12,343",-6.60,"414,344",-6.91,"4,449",-1.61,"148,853",-1.93,"6,685",-6.20,"224,414",-6.50,"15,531",-47.27,"519,622",-47.45,747,60.30,"25,079",59.65,"1,644",13.30,"54,986",12.85,"84,588",-8.19,"2,839,469",-8.50,"59,789",0.33,"2,000,316",0.00,"5,432",-8.15,"182,326",-8.47,"3,854",-15.65,"128,952",-15.93,"79,156",-8.19,"2,657,139",-8.50,"55,869",1.54,"1,869,167",1.20,"6,435",-13.91,"216,011",-14.19,"5,985",69.45,"200,232",68.85,"4,542",-10.13,"152,451",-10.44,"1,844",31.06,"61,706",30.63,397,-32.48,"13,310",-32.79,127,56.79,"4,248",55.55,"9,630",-4.97,"323,265",-5.27,"14,582",-12.86,"487,867",-13.15,996,-11.55,"33,436",-11.84,"1,322",78.89,"44,232",78.41,"4,458",8.07,"149,633",7.70,"7,761",-30.57,"259,666",-30.80,"9,821",-24.47,"329,678",-24.71,"22,771",-4.97,"761,825",-5.29,"8,109",-11.73,"272,212",-12.03,"20,728",-4.12,"693,462",-4.45,"1,121",8.52,"37,634",8.17,"1,628",-4.40,"54,481",-4.70
2013M10,"784,774",1.26,"26,711,160",0.74,"666,075",-2.38,"22,594,132",-2.87,"543,871",-0.26,"18,511,613",-0.76,"360,191",-4.28,"12,218,132",-4.77,"99,679",1.40,"3,392,760",0.88,"4,461",-50.77,"151,328",-51.02,"14,364",-5.92,"488,899",-6.40,"18,138",-0.24,"615,275",-0.75,"49,144",1.30,"1,672,714",0.78,"99,923",-20.41,"3,389,515",-20.82,"29,340",-7.40,"998,647",-7.87,"40,247",11.41,"1,365,230",10.85,"200,091",-4.45,"6,810,446",-4.94,"109,969",8.29,"3,730,277",7.74,"19,979",25.67,"680,004",25.03,"18,944",-21.59,"642,600",-21.99,"48,371",-8.18,"1,646,403",-8.64,"23,678",28.55,"803,202",27.90,"15,520",-5.44,"528,249",-5.92,"10,651",13.44,"361,302",12.86,"24,798",32.42,"844,030",31.74,"7,601",11.76,"257,831",11.20,"16,756",-1.49,"570,325",-1.98,"101,384",-10.72,"3,439,078",-11.17,554,20.43,"18,847",19.72,"18,834",16.17,"638,877",15.57,"2,747",-40.90,"93,490",-41.20,"37,608",-6.17,"1,275,716",-6.65,"79,880",8.12,"2,718,858",7.57,"72,221",8.19,"2,449,818",7.63,"3,819",-1.50,"129,986",-2.00,"6,517",-34.99,"221,065",-35.33,"15,155",7.00,"515,816",6.45,"21,803",16.81,"739,586",16.22,"4,073",-3.39,"138,645",-3.87,"4,698",9.15,"159,352",8.60,"13,316",-8.67,"453,220",-9.14,"4,237",-8.67,"143,712",-9.13,"9,840",14.25,"334,932",13.66,"21,140",10.25,"717,086",9.71,802,78.22,"27,297",77.31,1,-99.93,18,-99.96,"92,662",1.31,"3,153,909",0.79,"71,423",19.52,"2,422,759",18.91,"6,442",5.49,"219,264",4.95,"4,291",20.36,"145,556",19.76,"86,218",1.01,"2,934,584",0.49,"67,035",19.29,"2,273,915",18.68,"7,611",-7.64,"259,058",-8.13,"4,943",26.84,"167,659",26.23,"5,233",-8.10,"178,099",-8.58,"1,289",-29.68,"43,721",-30.04,468,-10.69,"15,929",-11.21,112,55.56,"3,811",55.74,"10,165",-0.41,"345,976",-0.92,"15,084",1.09,"511,662",0.58,"1,071",27.96,"36,458",27.27,541,66.46,"18,339",65.53,"4,620",0.15,"157,249",-0.35,"8,904",6.32,"302,032",5.77,"15,577",29.77,"530,195",29.10,"19,535",-29.33,"662,662",-29.69,"10,306",3.86,"350,799",3.34,"17,064",-32.47,"578,831",-32.81,"3,344",225.61,"113,818",223.79,"1,839",14.37,"62,389",13.82
2013M11,"756,461",4.39,"25,729,958",3.43,"630,647",0.43,"21,377,858",-0.48,"547,929",4.67,"18,637,039",3.71,"342,351",5.50,"11,605,113",4.54,"108,730",16.42,"3,698,303",15.35,"4,422",-58.08,"149,914",-58.46,"12,439",-7.33,"423,099",-8.18,"22,064",52.13,"747,942",50.75,"49,364",-0.04,"1,679,054",-0.96,"100,272",-1.58,"3,399,057",-2.48,"26,513",-10.53,"901,789",-11.36,"34,132",-2.06,"1,157,029",-2.96,"210,310",7.19,"7,153,404",6.21,"102,652",9.78,"3,479,722",8.78,"23,515",54.55,"799,837",53.14,"20,746",22.16,"703,245",21.04,"43,853",-16.48,"1,491,602",-17.25,"18,327",20.38,"621,267",19.28,"14,191",-5.30,"482,684",-6.17,"9,183",14.23,"311,296",13.19,"20,478",9.51,"696,541",8.51,"6,323",31.67,"214,323",30.47,"17,701",24.30,"602,063",23.16,"96,866",-16.75,"3,283,582",-17.52,477,10.93,"16,238",10.07,"25,068",-5.48,"849,768",-6.34,"3,864",17.48,"131,427",16.42,"43,024",10.77,"1,458,457",9.76,"62,981",0.71,"2,142,203",-0.22,"73,055",4.92,"2,476,434",3.96,"3,398",0.47,"115,572",-0.46,"5,194",-44.93,"176,053",-45.44,"12,907",9.88,"439,008",8.87,"19,148",13.60,"649,069",12.56,"3,866",7.90,"131,502",6.91,"5,184",29.50,"175,727",28.30,"9,905",-13.13,"336,907",-13.93,"4,321",9.09,"146,471",8.10,"5,851",0.72,"199,028",-0.18,"23,336",-7.29,"791,061",-8.15,450,15.38,"15,313",14.44,"1,852",9.78,"62,773",8.79,"85,440",0.39,"2,906,128",-0.53,"60,604",12.75,"2,054,363",11.72,"5,663",-12.39,"192,633",-13.19,"2,715",-16.56,"92,050",-17.30,"79,774",1.44,"2,713,407",0.51,"57,808",14.48,"1,959,608",13.43,"5,790",-0.94,"196,945",-1.85,"4,243",11.39,"143,832",10.36,"3,689",-3.88,"125,480",-4.75,"1,288",-32.32,"43,677",-32.91,356,4.09,"12,098",3.02,105,105.88,"3,574",105.76,"8,887",5.86,"302,284",4.90,"13,116",2.94,"444,614",2.00,833,-10.53,"28,336",-11.35,411,59.92,"13,939",58.79,"4,314",24.90,"146,731",23.75,"8,100",-2.44,"274,583",-3.34,"13,535",21.78,"460,383",20.67,"16,906",-21.97,"573,074",-22.68,"10,059",20.04,"342,141",18.93,"14,644",-26.12,"496,421",-26.79,"1,080",13.45,"36,737",12.41,"1,508",15.47,"51,112",14.39
2013M12,"779,632",3.03,"26,383,474",1.18,"716,426",12.02,"24,162,752",10.02,"559,206",3.84,"18,924,076",1.97,"380,685",10.34,"12,839,279",8.37,"112,696",12.82,"3,813,727",10.79,"4,010",-45.91,"135,252",-46.88,"12,682",5.24,"429,158",3.35,"18,603",16.90,"627,431",14.81,"47,166",-1.77,"1,596,153",-3.53,"117,734",4.89,"3,970,792",3.02,"25,533",-13.04,"864,053",-14.60,"42,243",15.37,"1,424,738",13.31,"212,637",4.17,"7,195,841",2.30,"115,815",12.54,"3,906,079",10.53,"21,544",22.25,"729,076",20.06,"17,055",15.00,"575,195",12.94,"45,413",-10.08,"1,536,812",-11.69,"23,472",34.51,"791,639",32.11,"13,658",-3.37,"462,201",-5.11,"9,658",18.53,"325,740",16.42,"22,695",15.60,"768,033",13.52,"6,509",15.74,"219,523",13.67,"19,052",23.26,"644,736",21.04,"114,111",7.83,"3,848,601",5.90,666,34.00,"22,552",31.57,"26,452",40.34,"892,143",37.84,"3,693",14.16,"124,980",12.11,"33,632",1.77,"1,134,290",-0.05,"72,597",-6.46,"2,456,738",-8.14,"94,201",23.03,"3,177,099",20.84,"4,035",-5.86,"136,544",-7.56,"9,639",-3.60,"325,089",-5.33,"15,178",9.45,"513,631",7.48,"21,187",9.53,"714,580",7.58,"4,909",6.49,"166,116",4.57,"6,268",29.88,"211,387",27.54,"10,874",-24.13,"367,974",-25.49,"4,810",9.02,"162,223",7.07,"7,038",0.21,"238,162",-1.57,"23,680",133.05,"798,648",128.86,753,75.93,"25,499",73.03,"3,159",101.85,"106,540",98.21,"85,449",1.51,"2,891,661",-0.31,"69,268",7.33,"2,336,200",5.41,"6,150",5.20,"208,133",3.33,"3,532",-5.26,"119,109",-6.96,"79,298",1.24,"2,683,517",-0.58,"65,713",8.06,"2,216,306",6.13,"6,371",2.89,"215,596",1.06,"4,553",-12.68,"153,570",-14.26,"4,001",-0.02,"135,404",-1.82,"1,554",12.85,"52,421",10.85,409,-7.67,"13,855",-9.30,126,11.50,"4,249",9.06,"9,729",2.73,"329,223",0.87,"11,071",-9.87,"373,405",-11.48,967,10.01,"32,720",8.02,463,69.60,"15,612",66.24,"4,695",5.17,"158,868",3.29,"5,707",-22.53,"192,471",-23.92,"11,732",12.68,"397,031",10.67,"18,686",-4.92,"630,227",-6.62,"6,757",-9.17,"228,650",-10.80,"16,793",-3.77,"566,358",-5.49,"2,263",12.03,"76,565",9.99,"1,450",3.06,"48,893",1.17
2014M01,"728,676",-1.95,"24,289,184",-5.38,"640,193",-12.40,"21,339,770",-15.17,"507,388",-4.62,"16,912,928",-7.96,"345,961",-13.08,"11,532,031",-15.83,"93,448",0.37,"3,114,940",-3.15,"4,194",-42.06,"139,813",-43.90,"11,462",-12.87,"382,063",-15.92,"14,183",-33.81,"472,766",-35.91,"49,761",8.38,"1,658,687",4.59,"89,054",-19.34,"2,968,482",-21.90,"28,376",-10.19,"945,854",-13.34,"36,320",-15.59,"1,210,665",-18.26,"183,955",-10.39,"6,131,820",-13.53,"112,388",-7.72,"3,746,267",-10.64,"20,393",-5.35,"679,773",-8.66,"16,062",-18.24,"535,414",-20.83,"39,296",-12.83,"1,309,857",-15.88,"20,304",0.33,"676,786",-2.85,"14,643",-2.74,"488,088",-6.14,"8,763",-15.28,"292,098",-17.97,"20,513",-1.52,"683,769",-4.97,"6,932",-1.41,"231,080",-4.52,"17,905",14.75,"596,836",10.74,"101,019",-14.43,"3,367,304",-17.14,446,2.29,"14,879",-1.26,"15,225",-42.65,"507,506",-44.46,"3,659",-12.09,"121,966",-15.16,"38,757",10.74,"1,291,915",7.24,"72,808",3.98,"2,426,919",0.34,"70,951",-11.75,"2,365,047",-14.54,"4,356",15.73,"145,207",11.69,"6,027",-39.28,"200,887",-41.20,"14,896",4.72,"496,520",1.05,"19,599",-7.91,"653,284",-10.83,"5,224",19.49,"174,133",15.31,"5,116",0.79,"170,550",-2.40,"10,573",-12.85,"352,423",-15.90,"4,346",-11.79,"144,863",-14.60,"6,185",-30.60,"206,163",-33.03,"14,041",-21.89,"468,034",-24.37,575,14.77,"19,159",10.78,6,-99.27,195,-99.31,"86,350",8.95,"2,878,339",5.14,"70,875",0.25,"2,362,512",-2.92,"6,553",16.56,"218,441",12.49,"3,610",-0.63,"120,349",-3.76,"79,795",8.37,"2,659,847",4.58,"67,236",0.34,"2,241,195",-2.84,"6,969",3.02,"232,314",-0.58,"4,030",-17.76,"134,344",-20.35,"4,015",-5.35,"133,833",-8.67,"1,506",-25.92,"50,204",-28.28,"1,099",108.94,"36,624",101.42,113,-15.67,"3,756",-18.52,"8,761",-5.61,"292,021",-8.92,"11,172",-14.77,"372,386",-17.47,876,2.10,"29,207",-1.45,317,-47.17,"10,571",-48.84,"4,266",7.00,"142,194",3.24,"6,442",-4.92,"214,718",-7.94,"13,629",4.98,"454,310",1.31,"21,984",-19.62,"732,786",-22.16,"10,944",0.72,"364,785",-2.81,"19,452",-20.67,"648,392",-23.19,"1,032",6.83,"34,389",3.09,"2,235",11.92,"74,484",8.37
2014M02,"644,424",11.05,"21,282,181",7.86,"597,023",7.62,"19,716,756",4.88,"461,192",13.43,"15,230,898",10.17,"311,084",11.95,"10,273,571",9.10,"86,688",36.02,"2,862,871",32.11,"2,323",-19.67,"76,702",-21.72,"7,317",-33.40,"241,638",-35.32,"17,962",24.50,"593,185",21.33,"40,563",-3.30,"1,339,598",-6.08,"96,001",2.96,"3,170,441",0.34,"25,099",5.33,"828,912",2.31,"32,010",4.09,"1,057,126",1.45,"169,992",14.53,"5,613,991",11.24,"78,431",15.45,"2,590,193",12.51,"20,110",55.33,"664,128",50.86,"16,022",15.90,"529,116",12.95,"38,565",-12.28,"1,273,624",-14.80,"19,964",4.04,"659,326",1.40,"11,901",-11.35,"393,030",-13.90,"9,040",28.12,"298,532",24.85,"20,652",48.42,"682,040",44.15,"4,768",57.67,"157,473",53.68,"16,754",5.52,"553,302",2.49,"102,476",-4.14,"3,384,270",-6.57,372,-7.00,"12,278",-9.63,"13,372",-29.29,"441,613",-31.09,"4,734",-27.70,"156,352",-29.77,"32,696",-11.09,"1,079,798",-13.35,"59,973",9.01,"1,980,605",5.88,"68,418",22.75,"2,259,495",19.63,"3,338",22.95,"110,227",19.40,"5,183",17.16,"171,160",14.17,"12,629",14.86,"417,081",11.56,"18,779",45.89,"620,185",42.18,"4,153",29.74,"137,162",26.02,"5,648",18.51,"186,520",15.50,"8,868",0.70,"292,868",-2.19,"3,446",11.59,"113,789",8.73,"5,838",-24.36,"192,808",-26.53,"22,029",63.19,"727,504",59.04,349,-34.40,"11,520",-36.28,0,-100.00,5,-99.98,"69,919",7.21,"2,309,095",4.13,"59,116",-13.53,"1,952,314",-15.73,"4,707",-0.72,"155,452",-3.56,"3,888",78.92,"128,393",74.39,"65,209",7.83,"2,153,548",4.73,"55,178",-16.63,"1,822,257",-18.75,"5,707",0.58,"188,469",-2.31,"4,578",1.55,"151,200",-1.03,"3,973",0.10,"131,218",-2.76,"1,302",-28.34,"43,000",-30.15,322,-26.32,"10,627",-28.43,128,91.04,"4,232",86.10,"7,844",1.84,"259,036",-1.08,"10,671",34.77,"352,410",31.34,717,9.97,"23,678",6.84,591,-9.36,"19,517",-11.72,"3,772",16.17,"124,558",12.83,"6,691",91.99,"220,986",87.13,"8,837",-0.74,"291,851",-3.59,"18,499",-6.06,"610,943",-8.45,"6,560",-15.54,"216,650",-17.96,"15,959",-12.06,"527,038",-14.29,798,19.46,"26,349",16.07,"2,029",66.31,"67,006",62.05
2014M03,"841,133",4.32,"27,741,859",1.94,"782,135",9.56,"25,796,000",7.43,"599,426",3.78,"19,769,981",1.41,"418,962",8.44,"13,818,018",6.33,"111,974",9.71,"3,693,082",7.21,"4,411",-0.14,"145,468",-2.10,"11,621",-28.15,"383,294",-29.79,"18,940",7.49,"624,661",5.40,"54,081",10.32,"1,783,668",7.81,"118,990",-1.92,"3,924,487",-3.83,"30,637",-8.10,"1,010,439",-10.19,"41,135",-8.82,"1,356,707",-10.60,"220,106",-1.51,"7,259,446",-3.75,"127,635",16.43,"4,209,583",14.17,"24,165",48.98,"797,004",45.59,"26,279",57.21,"866,726",54.15,"57,428",14.09,"1,894,079",11.49,"22,579",11.99,"744,684",9.81,"17,436",-0.39,"575,057",-2.66,"11,717",22.87,"386,446",20.48,"30,502",21.76,"1,005,987",18.99,"7,034",17.23,"232,001",14.96,"22,434",-13.45,"739,911",-15.42,"126,492",8.98,"4,171,904",6.86,526,-5.23,"17,348",-7.43,"24,815",3.40,"818,423",1.38,"6,615",-14.36,"218,184",-16.30,"46,379",8.61,"1,529,659",6.50,"78,984",12.45,"2,605,015",9.89,"91,998",18.89,"3,034,250",16.57,"4,480",8.90,"147,756",6.42,"6,935",21.01,"228,729",18.66,"15,518",11.96,"511,818",9.41,"28,476",28.49,"939,172",25.99,"4,942",-2.96,"162,990",-5.17,"6,456",5.82,"212,937",3.76,"11,157",-4.08,"367,959",-6.27,"5,104",15.97,"168,340",13.71,"8,922",-27.29,"294,253",-28.94,"24,442",14.30,"806,125",12.07,598,4.55,"19,709",2.03,2,-99.94,51,-99.96,"96,482",13.80,"3,182,108",11.21,"81,438",15.80,"2,685,963",13.55,"7,034",27.04,"232,003",24.15,"4,277",-5.29,"141,073",-7.14,"89,447",12.88,"2,950,094",10.31,"77,117",17.32,"2,543,439",15.04,"7,820",7.26,"257,910",4.81,"5,426",-8.99,"178,973",-10.75,"4,568",0.73,"150,650",-1.57,"1,714",-37.60,"56,532",-38.81,"1,198",160.43,"39,517",154.65,128,54.22,"4,228",50.78,"9,597",-6.61,"316,530",-8.73,"9,239",-40.41,"304,716",-41.57,935,-2.60,"30,853",-4.73,353,-55.03,"11,640",-55.91,"4,652",-1.59,"153,431",-3.82,"3,100",-66.94,"102,256",-67.58,"9,415",-9.72,"310,510",-11.78,"23,969",16.17,"790,534",13.91,"7,105",-17.56,"234,331",-19.44,"21,137",15.47,"697,136",13.22,"1,045",4.71,"34,457",2.28,"2,601",32.57,"85,796",30.01
2014M04,"806,478",8.01,"26,598,888",6.23,"729,563",7.21,"24,062,100",5.79,"562,349",7.36,"18,547,124",5.59,"404,205",9.13,"13,331,298",7.69,"106,342",9.39,"3,507,331",7.59,"4,467",11.06,"147,320",9.61,"11,018",2.63,"363,404",0.94,"19,415",14.38,"640,323",12.87,"44,009",-1.53,"1,451,497",-3.15,"114,233",8.39,"3,767,570",6.96,"33,599",13.42,"1,108,146",11.55,"35,185",-17.71,"1,160,466",-18.80,"208,292",5.50,"6,869,793",3.77,"123,038",15.10,"4,057,974",13.58,"22,961",28.91,"757,299",26.79,"25,032",16.68,"825,592",15.14,"51,646",9.13,"1,703,368",7.33,"22,528",5.73,"743,006",4.33,"14,632",-8.58,"482,579",-10.09,"11,466",20.92,"378,164",19.33,"26,651",25.17,"879,005",23.11,"7,774",14.14,"256,402",12.63,"25,506",22.89,"841,231",20.86,"99,467",-5.24,"3,280,573",-6.49,616,-15.50,"20,305",-16.90,"18,684",59.47,"616,242",57.38,"8,757",136.80,"288,816",132.91,"32,110",-24.27,"1,059,039",-25.26,"77,542",15.03,"2,557,448",13.13,"75,152",5.73,"2,478,642",4.34,"4,040",0.25,"133,247",-1.40,"6,859",14.22,"226,229",12.72,"16,412",13.42,"541,305",11.55,"25,690",27.11,"847,299",25.43,"5,394",24.49,"177,898",22.42,"5,733",17.50,"189,071",15.96,"11,863",22.98,"391,273",20.96,"5,219",23.35,"172,123",21.73,"8,197",-2.86,"270,358",-4.45,"24,018",-3.96,"792,154",-5.23,655,-8.52,"21,595",-10.12,"3,583",134.03,"118,172",130.98,"98,115",8.04,"3,235,992",6.26,"84,728",29.15,"2,794,471",27.45,"6,310",1.25,"208,112",-0.42,"2,513",-25.50,"82,878",-26.49,"91,805",8.54,"3,027,869",6.75,"82,147",32.05,"2,709,331",30.31,"7,147",3.04,"235,712",1.34,"5,812",22.59,"191,699",20.98,"4,552",0.64,"150,139",-1.01,"2,210",-3.24,"72,898",-4.50,480,18.23,"15,838",16.28,84,-4.55,"2,776",-5.29,"8,953",-2.27,"295,282",-3.88,"10,938",11.91,"360,753",10.43,870,19.02,"28,699",17.05,274,-56.71,"9,039",-57.28,"3,996",-11.87,"131,796",-13.32,"4,737",-21.72,"156,227",-22.75,"10,054",-8.52,"331,580",-10.03,"25,060",-12.58,"826,510",-13.73,"8,349",-8.05,"275,376",-9.56,"21,282",-18.74,"701,914",-19.81,"1,092",16.17,"36,005",14.17,"3,179",67.58,"104,863",65.38
2014M05,"804,594",3.22,"26,659,847",1.38,"645,168",-0.82,"21,377,334",-2.27,"572,837",4.32,"18,980,676",2.45,"357,442",0.96,"11,843,680",-0.51,"114,176",15.41,"3,783,163",13.34,"3,265",-7.85,"108,194",-9.18,"9,505",-30.56,"314,929",-31.81,"17,930",9.93,"594,090",8.32,"46,616",4.44,"1,544,591",2.57,"93,917",-10.10,"3,111,894",-11.41,"31,014",1.63,"1,027,636",-0.19,"33,910",-9.49,"1,123,593",-10.81,"219,490",4.95,"7,272,681",3.08,"118,149",13.76,"3,914,825",12.10,"21,436",13.11,"710,278",11.08,"26,176",29.21,"867,318",27.33,"52,149",-1.76,"1,727,926",-3.52,"19,594",-24.50,"649,231",-25.60,"16,170",-6.30,"535,770",-7.98,"9,850",11.40,"326,375",9.78,"25,645",19.95,"849,736",17.81,"5,810",-13.68,"192,521",-14.93,"22,484",10.04,"744,981",8.07,"76,478",-18.91,"2,534,055",-20.09,643,0.63,"21,297",-1.23,"12,267",-51.30,"406,445",-52.01,"6,695",65.84,"221,848",62.87,"25,721",-6.78,"852,262",-8.14,"71,536",7.65,"2,370,311",5.73,"74,239",6.20,"2,459,867",4.65,"4,086",1.41,"135,386",-0.40,"6,670",25.99,"221,002",24.16,"14,977",10.91,"496,255",8.92,"23,803",17.97,"788,717",16.25,"4,969",5.34,"164,634",3.45,"5,927",28.46,"196,405",26.59,"11,191",21.81,"370,802",19.63,"4,187",-2.15,"138,736",-3.59,"5,861",-34.83,"194,206",-35.99,"19,731",-2.06,"653,772",-3.48,501,-7.73,"16,613",-9.36,"1,842",-39.05,"61,044",-39.93,"97,347",2.27,"3,225,548",0.44,"74,539",1.66,"2,469,823",0.18,"6,448",-4.94,"213,647",-6.64,"3,888",-5.24,"128,824",-6.63,"90,899",2.83,"3,011,897",0.99,"70,577",1.99,"2,338,522",0.50,"7,350",3.93,"243,549",2.07,"5,954",0.20,"197,297",-1.25,"4,794",8.09,"158,857",6.17,"1,933",-38.18,"64,065",-39.07,374,-28.49,"12,385",-29.77,86,-11.34,"2,849",-12.71,"9,114",-10.91,"301,998",-12.50,"14,462",24.21,"479,203",22.40,895,-5.19,"29,659",-6.92,334,-84.57,"11,067",-84.79,"4,298",-12.34,"142,412",-13.91,"7,065",10.39,"234,081",8.78,"9,589",-32.41,"317,720",-33.62,"22,157",5.99,"734,164",4.45,"7,057",-31.35,"233,839",-32.57,"18,934",4.84,"627,371",3.31,"1,072",-45.83,"35,525",-46.78,"2,683",22.23,"88,914",20.47
2014M06,"805,095",2.00,"26,791,849",1.15,"748,692",8.02,"24,914,870",7.48,"571,477",1.08,"19,017,549",0.24,"420,425",13.28,"13,990,838",12.71,"104,281",9.40,"3,470,264",8.49,"5,277",35.00,"175,608",34.33,"10,840",-15.17,"360,742",-15.87,"20,596",33.72,"685,397",33.06,"53,330",5.52,"1,774,708",4.64,"117,253",-3.19,"3,901,937",-3.68,"32,072",-4.24,"1,067,290",-5.04,"41,232",4.99,"1,372,125",4.47,"215,162",1.92,"7,160,131",1.07,"135,970",29.61,"4,524,790",28.97,"23,426",9.43,"779,570",8.52,"25,366",19.29,"844,134",18.69,"55,899",-5.77,"1,860,183",-6.56,"21,329",4.03,"709,782",3.51,"15,331",-11.89,"510,186",-12.62,"12,419",25.44,"413,283",24.82,"24,803",-2.27,"825,404",-3.08,"6,674",-20.22,"222,106",-20.61,"21,187",7.89,"705,066",6.99,"94,376",-15.61,"3,140,645",-16.03,694,2.06,"23,079",1.08,"16,245",22.59,"540,601",21.97,"5,066",-13.81,"168,572",-14.54,"37,252",-15.65,"1,239,667",-16.07,"71,164",3.48,"2,368,201",2.62,"88,373",21.64,"2,940,871",21.03,"3,918",12.68,"130,375",11.75,"5,773",-18.25,"192,108",-18.66,"16,050",16.57,"534,123",15.61,"24,484",14.75,"814,763",14.17,"4,916",20.28,"163,603",19.29,"5,531",6.47,"184,050",5.93,"9,959",-8.11,"331,424",-8.87,"4,749",3.37,"158,032",2.86,"6,506",-30.78,"216,503",-31.35,"26,518",11.63,"882,472",11.08,505,1.00,"16,818",0.33,"4,991",188.33,"166,074",186.90,"98,444",12.02,"3,275,997",11.09,"73,904",12.68,"2,459,383",12.12,"6,274",2.13,"208,785",1.28,"4,477",8.64,"148,997",8.12,"92,168",12.77,"3,067,163",11.83,"69,402",12.95,"2,309,553",12.39,"7,394",6.97,"246,063",6.08,"4,850",-28.73,"161,402",-29.08,"4,875",8.84,"162,230",7.93,"1,681",-29.84,"55,951",-30.17,480,5.26,"15,971",4.36,107,81.36,"3,563",80.86,"9,594",-3.66,"319,263",-4.46,"11,806",-31.35,"392,872",-31.70,884,-9.24,"29,422",-9.98,697,-77.63,"23,192",-77.75,"4,248",-11.02,"141,357",-11.77,"5,239",-21.18,"174,352",-21.57,"10,873",-19.22,"361,835",-19.89,"28,264",18.53,"940,572",17.94,"9,017",-16.78,"300,069",-17.47,"20,473",-1.15,"681,303",-1.64,"1,244",8.46,"41,390",7.52,"2,805",23.03,"93,339",22.38
2014M07,"801,775",5.74,"26,770,458",5.81,"723,646",9.07,"24,161,804",9.51,"565,959",5.93,"18,896,804",6.00,"402,426",8.46,"13,436,580",8.90,"103,862",14.04,"3,467,863",14.12,"3,267",-12.06,"109,083",-11.72,"6,006",-53.23,"200,549",-53.20,"20,442",27.22,"682,526",27.73,"49,425",-1.97,"1,650,260",-1.90,"110,284",0.31,"3,682,263",0.71,"33,530",5.91,"1,119,522",5.98,"40,970",3.17,"1,367,956",3.58,"211,324",3.11,"7,055,887",3.17,"129,689",14.80,"4,330,180",15.26,"24,104",16.96,"804,817",17.05,"28,474",29.82,"950,733",30.35,"55,018",14.69,"1,837,006",14.76,"21,729",-2.74,"725,501",-2.36,"15,678",-5.52,"523,464",-5.46,"11,494",21.26,"383,759",21.74,"25,683",27.76,"857,536",27.85,"6,017",-4.34,"200,894",-3.97,"19,927",4.50,"665,358",4.58,"112,536",16.86,"3,757,450",17.33,584,-21.19,"19,512",-21.05,"17,779",20.97,"593,624",21.45,"4,255",4.73,"142,078",4.80,"38,673",19.13,"1,291,248",19.61,"76,535",8.84,"2,555,413",8.91,"80,174",10.55,"2,676,923",10.99,"3,780",4.22,"126,201",4.27,"10,144",41.77,"338,694",42.34,"16,740",10.23,"558,920",10.29,"24,108",8.87,"804,955",9.31,"4,177",19.27,"139,459",19.34,"5,757",5.89,"192,222",6.32,"10,697",12.00,"357,149",12.07,"4,324",-13.49,"144,384",-13.13,"7,480",15.84,"249,744",15.91,"17,900",-12.51,"597,679",-12.16,772,19.32,"25,764",19.41,"2,881",10.55,"96,199",10.99,"93,785",2.03,"3,131,402",2.10,"71,534",19.85,"2,388,449",20.33,"5,981",-2.62,"199,687",-2.56,"4,453",25.79,"148,669",26.29,"87,804",2.36,"2,931,701",2.43,"67,018",19.41,"2,237,655",19.89,"8,686",29.16,"290,011",29.25,"4,215",-4.75,"140,723",-4.38,"6,127",43.15,"204,563",43.25,"1,522",-3.79,"50,809",-3.43,552,39.39,"18,424",39.61,68,-29.90,"2,269",-29.86,"8,896",-18.85,"297,017",-18.80,"12,300",-14.69,"410,699",-14.35,870,-34.54,"29,042",-34.53,735,-57.37,"24,543",-57.20,"4,108",-24.23,"137,160",-24.19,"6,197",-8.75,"206,923",-8.38,"11,600",8.56,"387,300",8.63,"22,376",-7.89,"747,124",-7.52,"8,943",0.71,"298,592",0.78,"17,949",-14.87,"599,310",-14.53,"1,133",-1.99,"37,836",-1.94,"2,573",3.13,"85,919",3.56
